Linux 5.15.0-186-generic (iZbp1br2rjo8q2m58mchteZ) 	08/15/2026 	_x86_64_	(16 CPU)

# Time        UID      TGID       TID    %usr %system  %guest   %wait    %CPU   CPU  minflt/s  majflt/s     VSZ     RSS   %MEM   kB_rd/s   kB_wr/s kB_ccwr/s iodelay   cswch/s nvcswch/s  Command
12:22:42 AM     0     14759         -  124.00    1.00    0.00    0.00  125.00    14   1506.00      0.00 10388468 1053392   1.64      0.00     12.00      0.00       0    688.00      0.00  qemu-system-ris
12:22:42 AM     0         -     14759    0.00    0.00    0.00    0.00    0.00    14      0.00      0.00 10388468 1053392   1.64      0.00      0.00      0.00       0    688.00      0.00  |__qemu-system-ris
12:22:42 AM     0         -     14760    0.00    0.00    0.00    0.00    0.00    14      0.00      0.00 10388468 1053392   1.64      0.00      0.00      0.00       0      0.00      0.00  |__call_rcu
12:22:42 AM     0         -     14761    0.00    0.00    0.00    0.00    0.00     0      0.00      0.00 10388468 1053392   1.64      0.00      4.00      0.00       0     24.00      0.00  |__worker
12:22:42 AM     0         -     14762   99.00    1.00    0.00    0.00  100.00     6   1472.00      0.00 10388468 1053392   1.64      0.00      0.00      0.00       0     87.00      3.00  |__CPU 0/TCG
12:22:42 AM     0         -     14763   15.00    0.00    0.00    0.00   15.00     8      0.00      0.00 10388468 1053392   1.64      0.00      0.00      0.00       0    133.00      0.00  |__CPU 1/TCG
12:22:42 AM     0         -     14764    7.00    0.00    0.00    0.00    7.00    10     33.00      0.00 10388468 1053392   1.64      0.00      0.00      0.00       0    110.00      0.00  |__CPU 2/TCG
12:22:42 AM     0         -     14765    1.00    0.00    0.00    0.00    1.00     1      1.00      0.00 10388468 1053392   1.64      0.00      0.00      0.00       0    122.00      0.00  |__CPU 3/TCG
12:22:42 AM     0         -     14766    0.00    0.00    0.00    0.00    0.00    15      0.00      0.00 10388468 1053392   1.64      0.00      0.00      0.00       0    159.00      0.00  |__CPU 4/TCG
12:22:42 AM     0         -     14767    1.00    0.00    0.00    0.00    1.00     0      0.00      0.00 10388468 1053392   1.64      0.00      0.00      0.00       0    131.00      0.00  |__CPU 5/TCG
12:22:42 AM     0         -     14768    1.00    0.00    0.00    0.00    1.00     2      0.00      0.00 10388468 1053392   1.64      0.00      0.00      0.00       0    136.00      0.00  |__CPU 6/TCG
12:22:42 AM     0         -     14769    0.00    0.00    0.00    0.00    0.00     4      0.00      0.00 10388468 1053392   1.64      0.00      0.00      0.00       0    156.00      0.00  |__CPU 7/TCG
12:22:42 AM     0         -     14770    0.00    0.00    0.00    0.00    0.00    12      0.00      0.00 10388468 1053392   1.64      0.00      8.00      0.00       0     23.00      0.00  |__worker

# Time        UID      TGID       TID    %usr %system  %guest   %wait    %CPU   CPU  minflt/s  majflt/s     VSZ     RSS   %MEM   kB_rd/s   kB_wr/s kB_ccwr/s iodelay   cswch/s nvcswch/s  Command
12:22:43 AM     0     14759         -  102.00    0.00    0.00    0.00  102.00    14    159.00      0.00 10388468 1062360   1.65      0.00      0.00      0.00       0    617.00      0.00  qemu-system-ris
12:22:43 AM     0         -     14759    0.00    0.00    0.00    0.00    0.00    14      0.00      0.00 10388468 1062360   1.65      0.00      0.00      0.00       0    617.00      0.00  |__qemu-system-ris
12:22:43 AM     0         -     14760    0.00    0.00    0.00    0.00    0.00    14      0.00      0.00 10388468 1062360   1.65      0.00      0.00      0.00       0      0.00      0.00  |__call_rcu
12:22:43 AM     0         -     14761    0.00    0.00    0.00    0.00    0.00     0      0.00      0.00 10388468 1062360   1.65      0.00      0.00      0.00       0      0.00      0.00  |__worker
12:22:43 AM     0         -     14762  100.00    0.00    0.00    0.00  100.00     6    159.00      0.00 10388468 1062360   1.65      0.00      0.00      0.00       0      7.00      3.00  |__CPU 0/TCG
12:22:43 AM     0         -     14763    0.00    0.00    0.00    0.00    0.00     8      0.00      0.00 10388468 1062360   1.65      0.00      0.00      0.00       0     99.00      0.00  |__CPU 1/TCG
12:22:43 AM     0         -     14764    1.00    0.00    0.00    0.00    1.00    10      0.00      0.00 10388468 1062360   1.65      0.00      0.00      0.00       0    101.00      0.00  |__CPU 2/TCG
12:22:43 AM     0         -     14765    0.00    0.00    0.00    0.00    0.00     1      0.00      0.00 10388468 1062360   1.65      0.00      0.00      0.00       0    114.00      0.00  |__CPU 3/TCG
12:22:43 AM     0         -     14766    1.00    0.00    0.00    0.00    1.00    15      0.00      0.00 10388468 1062360   1.65      0.00      0.00      0.00       0    113.00      0.00  |__CPU 4/TCG
12:22:43 AM     0         -     14767    0.00    0.00    0.00    0.00    0.00     0      0.00      0.00 10388468 1062360   1.65      0.00      0.00      0.00       0    109.00      0.00  |__CPU 5/TCG
12:22:43 AM     0         -     14768    0.00    0.00    0.00    0.00    0.00     2      0.00      0.00 10388468 1062360   1.65      0.00      0.00      0.00       0    101.00      0.00  |__CPU 6/TCG
12:22:43 AM     0         -     14769    0.00    0.00    0.00    0.00    0.00     4      0.00      0.00 10388468 1062360   1.65      0.00      0.00      0.00       0    134.00      0.00  |__CPU 7/TCG
12:22:43 AM     0         -     14770    0.00    0.00    0.00    0.00    0.00    12      0.00      0.00 10388468 1062360   1.65      0.00      0.00      0.00       0      0.00      0.00  |__worker

# Time        UID      TGID       TID    %usr %system  %guest   %wait    %CPU   CPU  minflt/s  majflt/s     VSZ     RSS   %MEM   kB_rd/s   kB_wr/s kB_ccwr/s iodelay   cswch/s nvcswch/s  Command
12:22:44 AM     0     14759         -  101.00    0.00    0.00    0.00  101.00    14     99.00      0.00 10388468 1066716   1.66      0.00      0.00      0.00       0    618.00      0.00  qemu-system-ris
12:22:44 AM     0         -     14759    0.00    0.00    0.00    0.00    0.00    14      0.00      0.00 10388468 1066716   1.66      0.00      0.00      0.00       0    618.00      0.00  |__qemu-system-ris
12:22:44 AM     0         -     14760    0.00    0.00    0.00    0.00    0.00    14      0.00      0.00 10388468 1066716   1.66      0.00      0.00      0.00       0      0.00      0.00  |__call_rcu
12:22:44 AM     0         -     14761    0.00    0.00    0.00    0.00    0.00     0      0.00      0.00 10388468 1066716   1.66      0.00      0.00      0.00       0      0.00      0.00  |__worker
12:22:44 AM     0         -     14762  100.00    0.00    0.00    0.00  100.00     6     99.00      0.00 10388468 1066716   1.66      0.00      0.00      0.00       0      4.00      1.00  |__CPU 0/TCG
12:22:44 AM     0         -     14763    0.00    0.00    0.00    0.00    0.00     8      0.00      0.00 10388468 1066716   1.66      0.00      0.00      0.00       0    100.00      0.00  |__CPU 1/TCG
12:22:44 AM     0         -     14764    0.00    0.00    0.00    0.00    0.00    10      0.00      0.00 10388468 1066716   1.66      0.00      0.00      0.00       0    101.00      0.00  |__CPU 2/TCG
12:22:44 AM     0         -     14765    0.00    0.00    0.00    0.00    0.00     1      0.00      0.00 10388468 1066716   1.66      0.00      0.00      0.00       0    111.00      0.00  |__CPU 3/TCG
12:22:44 AM     0         -     14766    0.00    0.00    0.00    0.00    0.00    15      0.00      0.00 10388468 1066716   1.66      0.00      0.00      0.00       0    111.00      0.00  |__CPU 4/TCG
12:22:44 AM     0         -     14767    0.00    0.00    0.00    0.00    0.00     0      0.00      0.00 10388468 1066716   1.66      0.00      0.00      0.00       0    106.00      0.00  |__CPU 5/TCG
12:22:44 AM     0         -     14768    0.00    0.00    0.00    0.00    0.00     2      0.00      0.00 10388468 1066716   1.66      0.00      0.00      0.00       0    101.00      0.00  |__CPU 6/TCG
12:22:44 AM     0         -     14769    0.00    0.00    0.00    0.00    0.00     4      0.00      0.00 10388468 1066716   1.66      0.00      0.00      0.00       0    118.00      0.00  |__CPU 7/TCG
12:22:44 AM     0         -     14770    0.00    0.00    0.00    0.00    0.00    12      0.00      0.00 10388468 1066716   1.66      0.00      0.00      0.00       0      0.00      0.00  |__worker

# Time        UID      TGID       TID    %usr %system  %guest   %wait    %CPU   CPU  minflt/s  majflt/s     VSZ     RSS   %MEM   kB_rd/s   kB_wr/s kB_ccwr/s iodelay   cswch/s nvcswch/s  Command
12:22:45 AM     0     14759         -  111.00    1.00    0.00    0.00  112.00    14    678.00      0.00 10388468 1073556   1.67      0.00     24.00      0.00       0    626.00      0.00  qemu-system-ris
12:22:45 AM     0         -     14759    1.00    0.00    0.00    0.00    1.00    14      0.00      0.00 10388468 1073556   1.67      0.00      0.00      0.00       0    626.00      0.00  |__qemu-system-ris
12:22:45 AM     0         -     14760    0.00    0.00    0.00    0.00    0.00    14      0.00      0.00 10388468 1073556   1.67      0.00      0.00      0.00       0      0.00      0.00  |__call_rcu
12:22:45 AM     0         -     14761    0.00    0.00    0.00    0.00    0.00     0      0.00      0.00 10388468 1073556   1.67      0.00      0.00      0.00       0      0.00      0.00  |__worker
12:22:45 AM     0         -     14762  100.00    0.00    0.00    0.00  100.00     7    678.00      0.00 10388468 1073556   1.67      0.00      0.00      0.00       0    291.00      1.00  |__CPU 0/TCG
12:22:45 AM     0         -     14763    0.00    0.00    0.00    0.00    0.00     8      0.00      0.00 10388468 1073556   1.67      0.00      0.00      0.00       0    131.00      0.00  |__CPU 1/TCG
12:22:45 AM     0         -     14764    0.00    0.00    0.00    0.00    0.00    10      0.00      0.00 10388468 1073556   1.67      0.00      0.00      0.00       0    152.00      0.00  |__CPU 2/TCG
12:22:45 AM     0         -     14765    0.00    0.00    0.00    0.00    0.00     1      0.00      0.00 10388468 1073556   1.67      0.00      0.00      0.00       0    165.00      0.00  |__CPU 3/TCG
12:22:45 AM     0         -     14766    0.00    0.00    0.00    0.00    0.00    15      0.00      0.00 10388468 1073556   1.67      0.00      0.00      0.00       0    146.00      0.00  |__CPU 4/TCG
12:22:45 AM     0         -     14767    0.00    0.00    0.00    0.00    0.00     0      0.00      0.00 10388468 1073556   1.67      0.00      0.00      0.00       0    135.00      0.00  |__CPU 5/TCG
12:22:45 AM     0         -     14768    0.00    0.00    0.00    0.00    0.00     2      0.00      0.00 10388468 1073556   1.67      0.00      0.00      0.00       0    141.00      0.00  |__CPU 6/TCG
12:22:45 AM     0         -     14769   10.00    1.00    0.00    0.00   11.00     4      0.00      0.00 10388468 1073556   1.67      0.00     24.00      0.00       0    164.00      0.00  |__CPU 7/TCG
12:22:45 AM     0         -     14770    0.00    0.00    0.00    0.00    0.00    12      0.00      0.00 10388468 1073556   1.67      0.00      0.00      0.00       0      0.00      0.00  |__worker

# Time        UID      TGID       TID    %usr %system  %guest   %wait    %CPU   CPU  minflt/s  majflt/s     VSZ     RSS   %MEM   kB_rd/s   kB_wr/s kB_ccwr/s iodelay   cswch/s nvcswch/s  Command
12:22:46 AM     0     14759         -  102.00    0.00    0.00    0.00  102.00    14      6.00      0.00 10388468 1077652   1.67      0.00      0.00      0.00       0    616.00      0.00  qemu-system-ris
12:22:46 AM     0         -     14759    0.00    1.00    0.00    0.00    1.00    14      0.00      0.00 10388468 1077652   1.67      0.00      0.00      0.00       0    616.00      0.00  |__qemu-system-ris
12:22:46 AM     0         -     14760    0.00    0.00    0.00    0.00    0.00    14      0.00      0.00 10388468 1077652   1.67      0.00      0.00      0.00       0      0.00      0.00  |__call_rcu
12:22:46 AM     0         -     14761    0.00    0.00    0.00    0.00    0.00     0      0.00      0.00 10388468 1077652   1.67      0.00      0.00      0.00       0      0.00      0.00  |__worker
12:22:46 AM     0         -     14762  100.00    0.00    0.00    0.00  100.00     7      6.00      0.00 10388468 1077652   1.67      0.00      0.00      0.00       0      1.00      2.00  |__CPU 0/TCG
12:22:46 AM     0         -     14763    0.00    0.00    0.00    0.00    0.00     8      0.00      0.00 10388468 1077652   1.67      0.00      0.00      0.00       0    100.00      0.00  |__CPU 1/TCG
12:22:46 AM     0         -     14764    0.00    0.00    0.00    0.00    0.00    10      0.00      0.00 10388468 1077652   1.67      0.00      0.00      0.00       0    131.00      0.00  |__CPU 2/TCG
12:22:46 AM     0         -     14765    1.00    0.00    0.00    0.00    1.00     1      0.00      0.00 10388468 1077652   1.67      0.00      0.00      0.00       0    106.00      0.00  |__CPU 3/TCG
12:22:46 AM     0         -     14766    0.00    0.00    0.00    0.00    0.00    15      0.00      0.00 10388468 1077652   1.67      0.00      0.00      0.00       0    114.00      0.00  |__CPU 4/TCG
12:22:46 AM     0         -     14767    1.00    0.00    0.00    0.00    1.00     0      0.00      0.00 10388468 1077652   1.67      0.00      0.00      0.00       0    102.00      0.00  |__CPU 5/TCG
12:22:46 AM     0         -     14768    0.00    0.00    0.00    0.00    0.00     2      0.00      0.00 10388468 1077652   1.67      0.00      0.00      0.00       0    101.00      0.00  |__CPU 6/TCG
12:22:46 AM     0         -     14769    0.00    0.00    0.00    0.00    0.00     4      0.00      0.00 10388468 1077652   1.67      0.00      0.00      0.00       0    100.00      0.00  |__CPU 7/TCG
12:22:46 AM     0         -     14770    0.00    0.00    0.00    0.00    0.00    12      0.00      0.00 10388468 1077652   1.67      0.00      0.00      0.00       0      0.00      0.00  |__worker

# Time        UID      TGID       TID    %usr %system  %guest   %wait    %CPU   CPU  minflt/s  majflt/s     VSZ     RSS   %MEM   kB_rd/s   kB_wr/s kB_ccwr/s iodelay   cswch/s nvcswch/s  Command
12:22:47 AM     0     14759         -  101.00    0.00    0.00    0.00  101.00    14      0.00      0.00 10388468 1077652   1.67      0.00      0.00      0.00       0    585.00      0.00  qemu-system-ris
12:22:47 AM     0         -     14759    0.00    0.00    0.00    0.00    0.00    14      0.00      0.00 10388468 1077652   1.67      0.00      0.00      0.00       0    585.00      0.00  |__qemu-system-ris
12:22:47 AM     0         -     14760    0.00    0.00    0.00    0.00    0.00    14      0.00      0.00 10388468 1077652   1.67      0.00      0.00      0.00       0      0.00      0.00  |__call_rcu
12:22:47 AM     0         -     14761    0.00    0.00    0.00    0.00    0.00     0      0.00      0.00 10388468 1077652   1.67      0.00      0.00      0.00       0      0.00      0.00  |__worker
12:22:47 AM     0         -     14762  100.00    0.00    0.00    0.00  100.00     6      0.00      0.00 10388468 1077652   1.67      0.00      0.00      0.00       0      4.00      3.00  |__CPU 0/TCG
12:22:47 AM     0         -     14763    0.00    0.00    0.00    0.00    0.00     8      0.00      0.00 10388468 1077652   1.67      0.00      0.00      0.00       0    101.00      0.00  |__CPU 1/TCG
12:22:47 AM     0         -     14764    0.00    0.00    0.00    0.00    0.00    10      0.00      0.00 10388468 1077652   1.67      0.00      0.00      0.00       0    124.00      0.00  |__CPU 2/TCG
12:22:47 AM     0         -     14765    0.00    0.00    0.00    0.00    0.00     1      0.00      0.00 10388468 1077652   1.67      0.00      0.00      0.00       0    111.00      0.00  |__CPU 3/TCG
12:22:47 AM     0         -     14766    0.00    0.00    0.00    0.00    0.00    15      0.00      0.00 10388468 1077652   1.67      0.00      0.00      0.00       0    108.00      0.00  |__CPU 4/TCG
12:22:47 AM     0         -     14767    0.00    0.00    0.00    0.00    0.00     8      0.00      0.00 10388468 1077652   1.67      0.00      0.00      0.00       0    102.00      0.00  |__CPU 5/TCG
12:22:47 AM     0         -     14768    1.00    0.00    0.00    0.00    1.00     8      0.00      0.00 10388468 1077652   1.67      0.00      0.00      0.00       0    104.00      0.00  |__CPU 6/TCG
12:22:47 AM     0         -     14769    0.00    0.00    0.00    0.00    0.00     4      0.00      0.00 10388468 1077652   1.67      0.00      0.00      0.00       0    100.00      0.00  |__CPU 7/TCG
12:22:47 AM     0         -     14770    0.00    0.00    0.00    0.00    0.00    12      0.00      0.00 10388468 1077652   1.67      0.00      0.00      0.00       0      0.00      0.00  |__worker

# Time        UID      TGID       TID    %usr %system  %guest   %wait    %CPU   CPU  minflt/s  majflt/s     VSZ     RSS   %MEM   kB_rd/s   kB_wr/s kB_ccwr/s iodelay   cswch/s nvcswch/s  Command
12:22:48 AM     0     14759         -  102.00    0.00    0.00    0.00  102.00    14    256.00      0.00 10388468 1084724   1.68      0.00      0.00      0.00       0    469.00      0.00  qemu-system-ris
12:22:48 AM     0         -     14759    0.00    0.00    0.00    0.00    0.00    14      0.00      0.00 10388468 1084724   1.68      0.00      0.00      0.00       0    469.00      0.00  |__qemu-system-ris
12:22:48 AM     0         -     14760    0.00    0.00    0.00    0.00    0.00    14      0.00      0.00 10388468 1084724   1.68      0.00      0.00      0.00       0      0.00      0.00  |__call_rcu
12:22:48 AM     0         -     14761    0.00    0.00    0.00    0.00    0.00     0      0.00      0.00 10388468 1084724   1.68      0.00      0.00      0.00       0      0.00      0.00  |__worker
12:22:48 AM     0         -     14762  100.00    0.00    0.00    0.00  100.00     6    256.00      0.00 10388468 1084724   1.68      0.00      0.00      0.00       0      7.00      1.00  |__CPU 0/TCG
12:22:48 AM     0         -     14763    1.00    0.00    0.00    0.00    1.00     8      0.00      0.00 10388468 1084724   1.68      0.00      0.00      0.00       0    114.00      0.00  |__CPU 1/TCG
12:22:48 AM     0         -     14764    0.00    0.00    0.00    0.00    0.00    10      0.00      0.00 10388468 1084724   1.68      0.00      0.00      0.00       0    101.00      0.00  |__CPU 2/TCG
12:22:48 AM     0         -     14765    0.00    0.00    0.00    0.00    0.00     1      0.00      0.00 10388468 1084724   1.68      0.00      0.00      0.00       0    101.00      0.00  |__CPU 3/TCG
12:22:48 AM     0         -     14766    1.00    0.00    0.00    0.00    1.00    15      0.00      0.00 10388468 1084724   1.68      0.00      0.00      0.00       0    108.00      0.00  |__CPU 4/TCG
12:22:48 AM     0         -     14767    0.00    0.00    0.00    0.00    0.00     8      0.00      0.00 10388468 1084724   1.68      0.00      0.00      0.00       0    107.00      0.00  |__CPU 5/TCG
12:22:48 AM     0         -     14768    0.00    0.00    0.00    0.00    0.00     8      0.00      0.00 10388468 1084724   1.68      0.00      0.00      0.00       0    115.00      0.00  |__CPU 6/TCG
12:22:48 AM     0         -     14769    0.00    0.00    0.00    0.00    0.00     4      0.00      0.00 10388468 1084724   1.68      0.00      0.00      0.00       0    100.00      0.00  |__CPU 7/TCG
12:22:48 AM     0         -     14770    0.00    0.00    0.00    0.00    0.00    12      0.00      0.00 10388468 1084724   1.68      0.00      0.00      0.00       0      1.00      0.00  |__worker

# Time        UID      TGID       TID    %usr %system  %guest   %wait    %CPU   CPU  minflt/s  majflt/s     VSZ     RSS   %MEM   kB_rd/s   kB_wr/s kB_ccwr/s iodelay   cswch/s nvcswch/s  Command
12:22:49 AM     0     14759         -  102.00    1.00    0.00    0.00  103.00    14     36.00      0.00 10388468 1086772   1.69      0.00      0.00      0.00       0    439.00      0.00  qemu-system-ris
12:22:49 AM     0         -     14759    0.00    0.00    0.00    0.00    0.00    14      0.00      0.00 10388468 1086772   1.69      0.00      0.00      0.00       0    439.00      0.00  |__qemu-system-ris
12:22:49 AM     0         -     14760    0.00    0.00    0.00    0.00    0.00    14      0.00      0.00 10388468 1086772   1.69      0.00      0.00      0.00       0      0.00      0.00  |__call_rcu
12:22:49 AM     0         -     14761    0.00    0.00    0.00    0.00    0.00     0      0.00      0.00 10388468 1086772   1.69      0.00      0.00      0.00       0      0.00      0.00  |__worker
12:22:49 AM     0         -     14762  100.00    0.00    0.00    0.00  100.00     6     36.00      0.00 10388468 1086772   1.69      0.00      0.00      0.00       0      7.00      1.00  |__CPU 0/TCG
12:22:49 AM     0         -     14763    1.00    0.00    0.00    0.00    1.00    12      0.00      0.00 10388468 1086772   1.69      0.00      0.00      0.00       0    199.00      0.00  |__CPU 1/TCG
12:22:49 AM     0         -     14764    1.00    0.00    0.00    0.00    1.00    10      0.00      0.00 10388468 1086772   1.69      0.00      0.00      0.00       0    102.00      0.00  |__CPU 2/TCG
12:22:49 AM     0         -     14765    0.00    0.00    0.00    0.00    0.00     1      0.00      0.00 10388468 1086772   1.69      0.00      0.00      0.00       0    113.00      0.00  |__CPU 3/TCG
12:22:49 AM     0         -     14766    0.00    0.00    0.00    0.00    0.00    15      0.00      0.00 10388468 1086772   1.69      0.00      0.00      0.00       0    161.00      0.00  |__CPU 4/TCG
12:22:49 AM     0         -     14767    0.00    0.00    0.00    0.00    0.00     0      0.00      0.00 10388468 1086772   1.69      0.00      0.00      0.00       0    179.00      0.00  |__CPU 5/TCG
12:22:49 AM     0         -     14768    0.00    0.00    0.00    0.00    0.00     8      0.00      0.00 10388468 1086772   1.69      0.00      0.00      0.00       0    136.00      0.00  |__CPU 6/TCG
12:22:49 AM     0         -     14769    0.00    0.00    0.00    0.00    0.00     4      0.00      0.00 10388468 1086772   1.69      0.00      0.00      0.00       0    157.00      0.00  |__CPU 7/TCG
12:22:49 AM     0         -     14770    0.00    0.00    0.00    0.00    0.00    12      0.00      0.00 10388468 1086772   1.69      0.00      0.00      0.00       0      0.00      0.00  |__worker

# Time        UID      TGID       TID    %usr %system  %guest   %wait    %CPU   CPU  minflt/s  majflt/s     VSZ     RSS   %MEM   kB_rd/s   kB_wr/s kB_ccwr/s iodelay   cswch/s nvcswch/s  Command
12:22:50 AM     0     14759         -  103.00    0.00    0.00    0.00  103.00    14      0.00      0.00 10388468 1086772   1.69      0.00      0.00      0.00       0    562.00      0.00  qemu-system-ris
12:22:50 AM     0         -     14759    0.00    0.00    0.00    0.00    0.00    14      0.00      0.00 10388468 1086772   1.69      0.00      0.00      0.00       0    562.00      0.00  |__qemu-system-ris
12:22:50 AM     0         -     14760    0.00    0.00    0.00    0.00    0.00    14      0.00      0.00 10388468 1086772   1.69      0.00      0.00      0.00       0      0.00      0.00  |__call_rcu
12:22:50 AM     0         -     14761    0.00    0.00    0.00    0.00    0.00     0      0.00      0.00 10388468 1086772   1.69      0.00      0.00      0.00       0      0.00      0.00  |__worker
12:22:50 AM     0         -     14762  100.00    0.00    0.00    0.00  100.00     6      0.00      0.00 10388468 1086772   1.69      0.00      0.00      0.00       0      6.00      1.00  |__CPU 0/TCG
12:22:50 AM     0         -     14763    2.00    0.00    0.00    0.00    2.00    12      0.00      0.00 10388468 1086772   1.69      0.00      0.00      0.00       0    177.00      0.00  |__CPU 1/TCG
12:22:50 AM     0         -     14764    0.00    0.00    0.00    0.00    0.00    10      0.00      0.00 10388468 1086772   1.69      0.00      0.00      0.00       0     99.00      0.00  |__CPU 2/TCG
12:22:50 AM     0         -     14765    0.00    0.00    0.00    0.00    0.00     1      0.00      0.00 10388468 1086772   1.69      0.00      0.00      0.00       0    141.00      0.00  |__CPU 3/TCG
12:22:50 AM     0         -     14766    0.00    0.00    0.00    0.00    0.00    15      0.00      0.00 10388468 1086772   1.69      0.00      0.00      0.00       0    111.00      0.00  |__CPU 4/TCG
12:22:50 AM     0         -     14767    0.00    0.00    0.00    0.00    0.00     0      0.00      0.00 10388468 1086772   1.69      0.00      0.00      0.00       0    129.00      0.00  |__CPU 5/TCG
12:22:50 AM     0         -     14768    0.00    0.00    0.00    0.00    0.00     8      0.00      0.00 10388468 1086772   1.69      0.00      0.00      0.00       0    118.00      0.00  |__CPU 6/TCG
12:22:50 AM     0         -     14769    1.00    0.00    0.00    0.00    1.00     4      0.00      0.00 10388468 1086772   1.69      0.00      0.00      0.00       0    107.00      0.00  |__CPU 7/TCG
12:22:50 AM     0         -     14770    0.00    0.00    0.00    0.00    0.00    12      0.00      0.00 10388468 1086772   1.69      0.00      0.00      0.00       0      0.00      0.00  |__worker

# Time        UID      TGID       TID    %usr %system  %guest   %wait    %CPU   CPU  minflt/s  majflt/s     VSZ     RSS   %MEM   kB_rd/s   kB_wr/s kB_ccwr/s iodelay   cswch/s nvcswch/s  Command
12:22:51 AM     0     14759         -  102.00    0.00    0.00    0.00  102.00     2    257.00      0.00 10388468 1093580   1.70      0.00      0.00      0.00       0    501.00      0.00  qemu-system-ris
12:22:51 AM     0         -     14759    1.00    0.00    0.00    0.00    1.00     2      0.00      0.00 10388468 1093580   1.70      0.00      0.00      0.00       0    501.00      0.00  |__qemu-system-ris
12:22:51 AM     0         -     14760    0.00    0.00    0.00    0.00    0.00    14      0.00      0.00 10388468 1093580   1.70      0.00      0.00      0.00       0      0.00      0.00  |__call_rcu
12:22:51 AM     0         -     14761    0.00    0.00    0.00    0.00    0.00     0      0.00      0.00 10388468 1093580   1.70      0.00      0.00      0.00       0      1.00      0.00  |__worker
12:22:51 AM     0         -     14762  100.00    0.00    0.00    0.00  100.00     6    257.00      0.00 10388468 1093580   1.70      0.00      0.00      0.00       0      1.00      2.00  |__CPU 0/TCG
12:22:51 AM     0         -     14763    1.00    0.00    0.00    0.00    1.00    12      0.00      0.00 10388468 1093580   1.70      0.00      0.00      0.00       0    163.00      0.00  |__CPU 1/TCG
12:22:51 AM     0         -     14764    0.00    0.00    0.00    0.00    0.00    10      0.00      0.00 10388468 1093580   1.70      0.00      0.00      0.00       0    100.00      0.00  |__CPU 2/TCG
12:22:51 AM     0         -     14765    0.00    0.00    0.00    0.00    0.00     1      0.00      0.00 10388468 1093580   1.70      0.00      0.00      0.00       0    156.00      0.00  |__CPU 3/TCG
12:22:51 AM     0         -     14766    0.00    0.00    0.00    0.00    0.00    15      0.00      0.00 10388468 1093580   1.70      0.00      0.00      0.00       0    163.00      0.00  |__CPU 4/TCG
12:22:51 AM     0         -     14767    1.00    0.00    0.00    0.00    1.00     0      0.00      0.00 10388468 1093580   1.70      0.00      0.00      0.00       0    157.00      0.00  |__CPU 5/TCG
12:22:51 AM     0         -     14768    0.00    0.00    0.00    0.00    0.00     8      0.00      0.00 10388468 1093580   1.70      0.00      0.00      0.00       0    185.00      0.00  |__CPU 6/TCG
12:22:51 AM     0         -     14769    0.00    0.00    0.00    0.00    0.00     4      0.00      0.00 10388468 1093580   1.70      0.00      0.00      0.00       0    175.00      0.00  |__CPU 7/TCG
12:22:51 AM     0         -     14770    0.00    0.00    0.00    0.00    0.00    12      0.00      0.00 10388468 1093580   1.70      0.00      0.00      0.00       0      1.00      0.00  |__worker

# Time        UID      TGID       TID    %usr %system  %guest   %wait    %CPU   CPU  minflt/s  majflt/s     VSZ     RSS   %MEM   kB_rd/s   kB_wr/s kB_ccwr/s iodelay   cswch/s nvcswch/s  Command
12:22:52 AM     0     14759         -  103.00    0.00    0.00    0.00  103.00     2    513.00      0.00 10388468 1099788   1.71      0.00      0.00      0.00       0    376.00      0.00  qemu-system-ris
12:22:52 AM     0         -     14759    0.00    0.00    0.00    0.00    0.00     2      0.00      0.00 10388468 1099788   1.71      0.00      0.00      0.00       0    376.00      0.00  |__qemu-system-ris
12:22:52 AM     0         -     14760    0.00    0.00    0.00    0.00    0.00    14      0.00      0.00 10388468 1099788   1.71      0.00      0.00      0.00       0      0.00      0.00  |__call_rcu
12:22:52 AM     0         -     14761    0.00    0.00    0.00    0.00    0.00     0      0.00      0.00 10388468 1099788   1.71      0.00      0.00      0.00       0      1.00      0.00  |__worker
12:22:52 AM     0         -     14762  100.00    0.00    0.00    0.00  100.00     7    513.00      0.00 10388468 1099788   1.71      0.00      0.00      0.00       0      9.00      2.00  |__CPU 0/TCG
12:22:52 AM     0         -     14763    0.00    0.00    0.00    0.00    0.00    12      0.00      0.00 10388468 1099788   1.71      0.00      0.00      0.00       0    258.00      0.00  |__CPU 1/TCG
12:22:52 AM     0         -     14764    0.00    0.00    0.00    0.00    0.00    10      0.00      0.00 10388468 1099788   1.71      0.00      0.00      0.00       0    163.00      0.00  |__CPU 2/TCG
12:22:52 AM     0         -     14765    1.00    0.00    0.00    0.00    1.00     1      0.00      0.00 10388468 1099788   1.71      0.00      0.00      0.00       0    258.00      0.00  |__CPU 3/TCG
12:22:52 AM     0         -     14766    0.00    0.00    0.00    0.00    0.00    15      0.00      0.00 10388468 1099788   1.71      0.00      0.00      0.00       0    256.00      0.00  |__CPU 4/TCG
12:22:52 AM     0         -     14767    0.00    0.00    0.00    0.00    0.00     0      0.00      0.00 10388468 1099788   1.71      0.00      0.00      0.00       0    265.00      0.00  |__CPU 5/TCG
12:22:52 AM     0         -     14768    1.00    0.00    0.00    0.00    1.00     8      0.00      0.00 10388468 1099788   1.71      0.00      0.00      0.00       0    287.00      0.00  |__CPU 6/TCG
12:22:52 AM     0         -     14769    0.00    0.00    0.00    0.00    0.00     4      0.00      0.00 10388468 1099788   1.71      0.00      0.00      0.00       0    302.00      0.00  |__CPU 7/TCG
12:22:52 AM     0         -     14770    0.00    0.00    0.00    0.00    0.00    12      0.00      0.00 10388468 1099788   1.71      0.00      0.00      0.00       0      1.00      0.00  |__worker

# Time        UID      TGID       TID    %usr %system  %guest   %wait    %CPU   CPU  minflt/s  majflt/s     VSZ     RSS   %MEM   kB_rd/s   kB_wr/s kB_ccwr/s iodelay   cswch/s nvcswch/s  Command
12:22:53 AM     0     14759         -  105.00    5.00    0.00    0.00  110.00     2    443.00      0.00 10388468 1377304   2.14      0.00      4.00      0.00       0    808.00      0.00  qemu-system-ris
12:22:53 AM     0         -     14759    0.00    0.00    0.00    0.00    0.00     2      0.00      0.00 10388468 1377304   2.14      0.00      0.00      0.00       0    808.00      0.00  |__qemu-system-ris
12:22:53 AM     0         -     14760    0.00    0.00    0.00    0.00    0.00    14      0.00      0.00 10388468 1377304   2.14      0.00      0.00      0.00       0      0.00      0.00  |__call_rcu
12:22:53 AM     0         -     14761    0.00    0.00    0.00    0.00    0.00     0      0.00      0.00 10388468 1377304   2.14      0.00      0.00      0.00       0    112.00      0.00  |__worker
12:22:53 AM     0         -     14762   97.00    3.00    0.00    0.00  100.00     3    433.00      0.00 10388468 1377304   2.14      0.00      0.00      0.00       0    535.00      2.00  |__CPU 0/TCG
12:22:53 AM     0         -     14763    5.00    0.00    0.00    0.00    5.00    12      1.00      0.00 10388468 1377304   2.14      0.00      4.00      0.00       0    240.00      0.00  |__CPU 1/TCG
12:22:53 AM     0         -     14764    1.00    0.00    0.00    0.00    1.00    10      1.00      0.00 10388468 1377304   2.14      0.00      0.00      0.00       0    338.00      0.00  |__CPU 2/TCG
12:22:53 AM     0         -     14765    0.00    1.00    0.00    0.00    1.00     1      0.00      0.00 10388468 1377304   2.14      0.00      0.00      0.00       0    303.00      0.00  |__CPU 3/TCG
12:22:53 AM     0         -     14766    0.00    1.00    0.00    0.00    1.00    15      0.00      0.00 10388468 1377304   2.14      0.00      0.00      0.00       0    359.00      0.00  |__CPU 4/TCG
12:22:53 AM     0         -     14767    0.00    0.00    0.00    0.00    0.00     0      0.00      0.00 10388468 1377304   2.14      0.00      0.00      0.00       0    303.00      0.00  |__CPU 5/TCG
12:22:53 AM     0         -     14768    0.00    0.00    0.00    0.00    0.00     8      0.00      0.00 10388468 1377304   2.14      0.00      0.00      0.00       0    390.00      0.00  |__CPU 6/TCG
12:22:53 AM     0         -     14769    1.00    0.00    0.00    0.00    1.00     4      8.00      0.00 10388468 1377304   2.14      0.00      0.00      0.00       0    344.00      0.00  |__CPU 7/TCG
12:22:53 AM     0         -     14770    0.00    0.00    0.00    0.00    0.00    12      0.00      0.00 10388468 1377304   2.14      0.00      0.00      0.00       0    112.00      0.00  |__worker

# Time        UID      TGID       TID    %usr %system  %guest   %wait    %CPU   CPU  minflt/s  majflt/s     VSZ     RSS   %MEM   kB_rd/s   kB_wr/s kB_ccwr/s iodelay   cswch/s nvcswch/s  Command
12:22:54 AM     0     14759         -  102.00    4.00    0.00    0.00  106.00     2      1.00      0.00 10388468 1377304   2.14      0.00      0.00      0.00       0   4909.00      0.00  qemu-system-ris
12:22:54 AM     0         -     14759    3.00    2.00    0.00    0.00    5.00     2      0.00      0.00 10388468 1377304   2.14      0.00      0.00      0.00       0   4909.00      0.00  |__qemu-system-ris
12:22:54 AM     0         -     14760    0.00    0.00    0.00    0.00    0.00    14      0.00      0.00 10388468 1377304   2.14      0.00      0.00      0.00       0      0.00      0.00  |__call_rcu
12:22:54 AM     0         -     14761    0.00    2.00    0.00    0.00    2.00     0      0.00      0.00 10388468 1377304   2.14      0.00      0.00      0.00       0   1107.00      0.00  |__worker
12:22:54 AM     0         -     14762   97.00    0.00    0.00    0.00   97.00     3      1.00      0.00 10388468 1377304   2.14      0.00      0.00      0.00       0   4857.00      1.00  |__CPU 0/TCG
12:22:54 AM     0         -     14763    0.00    0.00    0.00    0.00    0.00    12      0.00      0.00 10388468 1377304   2.14      0.00      0.00      0.00       0    114.00      0.00  |__CPU 1/TCG
12:22:54 AM     0         -     14764    0.00    0.00    0.00    0.00    0.00    10      0.00      0.00 10388468 1377304   2.14      0.00      0.00      0.00       0    143.00      0.00  |__CPU 2/TCG
12:22:54 AM     0         -     14765    0.00    0.00    0.00    0.00    0.00     1      0.00      0.00 10388468 1377304   2.14      0.00      0.00      0.00       0    129.00      0.00  |__CPU 3/TCG
12:22:54 AM     0         -     14766    0.00    0.00    0.00    0.00    0.00    15      0.00      0.00 10388468 1377304   2.14      0.00      0.00      0.00       0    150.00      0.00  |__CPU 4/TCG
12:22:54 AM     0         -     14767    0.00    0.00    0.00    0.00    0.00     0      0.00      0.00 10388468 1377304   2.14      0.00      0.00      0.00       0    141.00      0.00  |__CPU 5/TCG
12:22:54 AM     0         -     14768    0.00    1.00    0.00    0.00    1.00     8      0.00      0.00 10388468 1377304   2.14      0.00      0.00      0.00       0    146.00      0.00  |__CPU 6/TCG
12:22:54 AM     0         -     14769    1.00    0.00    0.00    0.00    1.00     4      0.00      0.00 10388468 1377304   2.14      0.00      0.00      0.00       0    127.00      0.00  |__CPU 7/TCG
12:22:54 AM     0         -     14770    0.00    2.00    0.00    0.00    2.00    12      0.00      0.00 10388468 1377304   2.14      0.00      0.00      0.00       0   1108.00      0.00  |__worker

# Time        UID      TGID       TID    %usr %system  %guest   %wait    %CPU   CPU  minflt/s  majflt/s     VSZ     RSS   %MEM   kB_rd/s   kB_wr/s kB_ccwr/s iodelay   cswch/s nvcswch/s  Command
12:22:55 AM     0     14759         -  102.00   13.00    0.00    0.00  115.00     2     40.00      0.00 10388468 1404192   2.18      0.00     28.00      0.00       0   4179.00      0.00  qemu-system-ris
12:22:55 AM     0         -     14759    2.00    2.00    0.00    0.00    4.00     2      0.00      0.00 10388468 1404192   2.18      0.00      0.00      0.00       0   4179.00      0.00  |__qemu-system-ris
12:22:55 AM     0         -     14760    0.00    0.00    0.00    0.00    0.00    14      0.00      0.00 10388468 1404192   2.18      0.00      0.00      0.00       0      0.00      0.00  |__call_rcu
12:22:55 AM     0         -     14761    0.00    1.00    0.00    0.00    1.00     0      0.00      0.00 10388468 1404192   2.18      0.00      0.00      0.00       0    901.00      0.00  |__worker
12:22:55 AM     0         -     14762   92.00    3.00    0.00    0.00   95.00     3     40.00      0.00 10388468 1404192   2.18      0.00      0.00      0.00       0  15512.00      4.00  |__CPU 0/TCG
12:22:55 AM     0         -     14763    7.00    5.00    0.00    0.00   12.00    14      0.00      0.00 10388468 1404192   2.18      0.00     28.00      0.00       0    670.00      0.00  |__CPU 1/TCG
12:22:55 AM     0         -     14764    1.00    0.00    0.00    0.00    1.00    10      0.00      0.00 10388468 1404192   2.18      0.00      0.00      0.00       0    155.00      0.00  |__CPU 2/TCG
12:22:55 AM     0         -     14765    0.00    0.00    0.00    0.00    0.00     1      0.00      0.00 10388468 1404192   2.18      0.00      0.00      0.00       0    164.00      0.00  |__CPU 3/TCG
12:22:55 AM     0         -     14766    0.00    0.00    0.00    0.00    0.00    15      0.00      0.00 10388468 1404192   2.18      0.00      0.00      0.00       0    154.00      0.00  |__CPU 4/TCG
12:22:55 AM     0         -     14767    0.00    0.00    0.00    0.00    0.00     8      0.00      0.00 10388468 1404192   2.18      0.00      0.00      0.00       0    165.00      0.00  |__CPU 5/TCG
12:22:55 AM     0         -     14768    0.00    0.00    0.00    0.00    0.00     8      0.00      0.00 10388468 1404192   2.18      0.00      0.00      0.00       0    180.00      0.00  |__CPU 6/TCG
12:22:55 AM     0         -     14769    0.00    0.00    0.00    0.00    0.00    12      0.00      0.00 10388468 1404192   2.18      0.00      0.00      0.00       0    180.00      0.00  |__CPU 7/TCG
12:22:55 AM     0         -     14770    0.00    1.00    0.00    0.00    1.00     0      0.00      0.00 10388468 1404192   2.18      0.00      0.00      0.00       0    900.00      0.00  |__worker

# Time        UID      TGID       TID    %usr %system  %guest   %wait    %CPU   CPU  minflt/s  majflt/s     VSZ     RSS   %MEM   kB_rd/s   kB_wr/s kB_ccwr/s iodelay   cswch/s nvcswch/s  Command
12:22:56 AM     0     14759         -  151.00    2.00    0.00    0.00  153.00     4    845.00      0.00 10388468 1435560   2.23      0.00      0.00      0.00       0    438.00      0.00  qemu-system-ris
12:22:56 AM     0         -     14759    0.00    0.00    0.00    0.00    0.00     4      0.00      0.00 10388468 1435560   2.23      0.00      0.00      0.00       0    438.00      0.00  |__qemu-system-ris
12:22:56 AM     0         -     14760    0.00    0.00    0.00    0.00    0.00    14      0.00      0.00 10388468 1435560   2.23      0.00      0.00      0.00       0      0.00      0.00  |__call_rcu
12:22:56 AM     0         -     14761    0.00    0.00    0.00    0.00    0.00     0      0.00      0.00 10388468 1435560   2.23      0.00      0.00      0.00       0     11.00      0.00  |__worker
12:22:56 AM     0         -     14762  100.00    0.00    0.00    0.00  100.00     6    842.00      0.00 10388468 1435560   2.23      0.00      0.00      0.00       0    242.00      2.00  |__CPU 0/TCG
12:22:56 AM     0         -     14763   45.00    0.00    0.00    0.00   45.00    14      1.00      0.00 10388468 1435560   2.23      0.00      0.00      0.00       0     98.00      1.00  |__CPU 1/TCG
12:22:56 AM     0         -     14764    1.00    0.00    0.00    0.00    1.00    11      0.00      0.00 10388468 1435560   2.23      0.00      0.00      0.00       0    354.00      1.00  |__CPU 2/TCG
12:22:56 AM     0         -     14765    2.00    0.00    0.00    0.00    2.00     1      0.00      0.00 10388468 1435560   2.23      0.00      0.00      0.00       0    327.00      0.00  |__CPU 3/TCG
12:22:56 AM     0         -     14766    1.00    1.00    0.00    0.00    2.00    15      1.00      0.00 10388468 1435560   2.23      0.00      0.00      0.00       0    244.00      0.00  |__CPU 4/TCG
12:22:56 AM     0         -     14767    2.00    0.00    0.00    0.00    2.00     8      0.00      0.00 10388468 1435560   2.23      0.00      0.00      0.00       0    372.00      0.00  |__CPU 5/TCG
12:22:56 AM     0         -     14768    1.00    0.00    0.00    0.00    1.00    10      0.00      0.00 10388468 1435560   2.23      0.00      0.00      0.00       0    291.00      0.00  |__CPU 6/TCG
12:22:56 AM     0         -     14769    1.00    0.00    0.00    0.00    1.00    12      1.00      0.00 10388468 1435560   2.23      0.00      0.00      0.00       0    370.00      0.00  |__CPU 7/TCG
12:22:56 AM     0         -     14770    0.00    0.00    0.00    0.00    0.00    12      0.00      0.00 10388468 1435560   2.23      0.00      0.00      0.00       0     12.00      0.00  |__worker

# Time        UID      TGID       TID    %usr %system  %guest   %wait    %CPU   CPU  minflt/s  majflt/s     VSZ     RSS   %MEM   kB_rd/s   kB_wr/s kB_ccwr/s iodelay   cswch/s nvcswch/s  Command
12:22:57 AM     0     14759         -  169.00    0.00    0.00    0.00  169.00     2    198.00      0.00 10388468 1444524   2.24      0.00      0.00      0.00       0    427.00      0.00  qemu-system-ris
12:22:57 AM     0         -     14759    0.00    0.00    0.00    0.00    0.00     2      0.00      0.00 10388468 1444524   2.24      0.00      0.00      0.00       0    427.00      0.00  |__qemu-system-ris
12:22:57 AM     0         -     14760    0.00    0.00    0.00    0.00    0.00    14      0.00      0.00 10388468 1444524   2.24      0.00      0.00      0.00       0      0.00      0.00  |__call_rcu
12:22:57 AM     0         -     14761    0.00    0.00    0.00    0.00    0.00     0      0.00      0.00 10388468 1444524   2.24      0.00      0.00      0.00       0      0.00      0.00  |__worker
12:22:57 AM     0         -     14762  100.00    1.00    0.00    0.00  101.00     6    198.00      0.00 10388468 1444524   2.24      0.00      0.00      0.00       0    365.00      1.00  |__CPU 0/TCG
12:22:57 AM     0         -     14763   67.00    0.00    0.00    0.00   67.00    14      0.00      0.00 10388468 1444524   2.24      0.00      0.00      0.00       0     39.00      1.00  |__CPU 1/TCG
12:22:57 AM     0         -     14764    1.00    0.00    0.00    0.00    1.00    11      0.00      0.00 10388468 1444524   2.24      0.00      0.00      0.00       0    323.00      0.00  |__CPU 2/TCG
12:22:57 AM     0         -     14765    0.00    0.00    0.00    0.00    0.00     1      0.00      0.00 10388468 1444524   2.24      0.00      0.00      0.00       0    367.00      0.00  |__CPU 3/TCG
12:22:57 AM     0         -     14766    0.00    0.00    0.00    0.00    0.00    15      0.00      0.00 10388468 1444524   2.24      0.00      0.00      0.00       0    215.00      0.00  |__CPU 4/TCG
12:22:57 AM     0         -     14767    0.00    0.00    0.00    0.00    0.00     8      0.00      0.00 10388468 1444524   2.24      0.00      0.00      0.00       0    403.00      0.00  |__CPU 5/TCG
12:22:57 AM     0         -     14768    0.00    0.00    0.00    0.00    0.00    10      0.00      0.00 10388468 1444524   2.24      0.00      0.00      0.00       0    349.00      0.00  |__CPU 6/TCG
12:22:57 AM     0         -     14769    0.00    0.00    0.00    0.00    0.00    12      0.00      0.00 10388468 1444524   2.24      0.00      0.00      0.00       0    370.00      0.00  |__CPU 7/TCG
12:22:57 AM     0         -     14770    0.00    0.00    0.00    0.00    0.00    12      0.00      0.00 10388468 1444524   2.24      0.00      0.00      0.00       0      1.00      0.00  |__worker

# Time        UID      TGID       TID    %usr %system  %guest   %wait    %CPU   CPU  minflt/s  majflt/s     VSZ     RSS   %MEM   kB_rd/s   kB_wr/s kB_ccwr/s iodelay   cswch/s nvcswch/s  Command
12:22:58 AM     0     14759         -  102.00    0.00    0.00    0.00  102.00     4    556.00      0.00 10388468 1454800   2.26      0.00      0.00      0.00       0    465.00      0.00  qemu-system-ris
12:22:58 AM     0         -     14759    1.00    0.00    0.00    0.00    1.00     4      0.00      0.00 10388468 1454800   2.26      0.00      0.00      0.00       0    465.00      0.00  |__qemu-system-ris
12:22:58 AM     0         -     14760    0.00    0.00    0.00    0.00    0.00    14      0.00      0.00 10388468 1454800   2.26      0.00      0.00      0.00       0      0.00      0.00  |__call_rcu
12:22:58 AM     0         -     14761    0.00    0.00    0.00    0.00    0.00     0      0.00      0.00 10388468 1454800   2.26      0.00      0.00      0.00       0      9.00      0.00  |__worker
12:22:58 AM     0         -     14762  100.00    0.00    0.00    0.00  100.00     6    556.00      0.00 10388468 1454800   2.26      0.00      0.00      0.00       0      2.00      1.00  |__CPU 0/TCG
12:22:58 AM     0         -     14763    0.00    0.00    0.00    0.00    0.00    14      0.00      0.00 10388468 1454800   2.26      0.00      0.00      0.00       0    254.00      0.00  |__CPU 1/TCG
12:22:58 AM     0         -     14764    0.00    0.00    0.00    0.00    0.00    11      0.00      0.00 10388468 1454800   2.26      0.00      0.00      0.00       0    230.00      0.00  |__CPU 2/TCG
12:22:58 AM     0         -     14765    0.00    0.00    0.00    0.00    0.00     1      0.00      0.00 10388468 1454800   2.26      0.00      0.00      0.00       0    272.00      0.00  |__CPU 3/TCG
12:22:58 AM     0         -     14766    1.00    0.00    0.00    0.00    1.00    15      0.00      0.00 10388468 1454800   2.26      0.00      0.00      0.00       0    205.00      0.00  |__CPU 4/TCG
12:22:58 AM     0         -     14767    0.00    0.00    0.00    0.00    0.00     0      0.00      0.00 10388468 1454800   2.26      0.00      0.00      0.00       0    222.00      0.00  |__CPU 5/TCG
12:22:58 AM     0         -     14768    0.00    0.00    0.00    0.00    0.00     8      0.00      0.00 10388468 1454800   2.26      0.00      0.00      0.00       0    212.00      0.00  |__CPU 6/TCG
12:22:58 AM     0         -     14769    0.00    0.00    0.00    0.00    0.00    12      0.00      0.00 10388468 1454800   2.26      0.00      0.00      0.00       0    258.00      0.00  |__CPU 7/TCG
12:22:58 AM     0         -     14770    0.00    0.00    0.00    0.00    0.00    12      0.00      0.00 10388468 1454800   2.26      0.00      0.00      0.00       0      8.00      0.00  |__worker

# Time        UID      TGID       TID    %usr %system  %guest   %wait    %CPU   CPU  minflt/s  majflt/s     VSZ     RSS   %MEM   kB_rd/s   kB_wr/s kB_ccwr/s iodelay   cswch/s nvcswch/s  Command
12:22:59 AM     0     14759         -  101.00    1.00    0.00    0.00  102.00     4     56.00      0.00 10388468 1457108   2.26      0.00      0.00      0.00       0    408.00      0.00  qemu-system-ris
12:22:59 AM     0         -     14759    0.00    0.00    0.00    0.00    0.00     4      0.00      0.00 10388468 1457108   2.26      0.00      0.00      0.00       0    408.00      0.00  |__qemu-system-ris
12:22:59 AM     0         -     14760    0.00    0.00    0.00    0.00    0.00    14      0.00      0.00 10388468 1457108   2.26      0.00      0.00      0.00       0      0.00      0.00  |__call_rcu
12:22:59 AM     0         -     14761    0.00    0.00    0.00    0.00    0.00     0      0.00      0.00 10388468 1457108   2.26      0.00      0.00      0.00       0      7.00      0.00  |__worker
12:22:59 AM     0         -     14762   99.00    0.00    0.00    0.00   99.00     6     56.00      0.00 10388468 1457108   2.26      0.00      0.00      0.00       0      2.00      2.00  |__CPU 0/TCG
12:22:59 AM     0         -     14763    0.00    0.00    0.00    0.00    0.00    14      0.00      0.00 10388468 1457108   2.26      0.00      0.00      0.00       0    273.00      0.00  |__CPU 1/TCG
12:22:59 AM     0         -     14764    0.00    0.00    0.00    0.00    0.00    11      0.00      0.00 10388468 1457108   2.26      0.00      0.00      0.00       0    298.00      0.00  |__CPU 2/TCG
12:22:59 AM     0         -     14765    0.00    0.00    0.00    0.00    0.00     1      0.00      0.00 10388468 1457108   2.26      0.00      0.00      0.00       0    282.00      0.00  |__CPU 3/TCG
12:22:59 AM     0         -     14766    0.00    0.00    0.00    0.00    0.00    15      0.00      0.00 10388468 1457108   2.26      0.00      0.00      0.00       0    216.00      0.00  |__CPU 4/TCG
12:22:59 AM     0         -     14767    1.00    0.00    0.00    0.00    1.00     0      0.00      0.00 10388468 1457108   2.26      0.00      0.00      0.00       0    220.00      0.00  |__CPU 5/TCG
12:22:59 AM     0         -     14768    0.00    0.00    0.00    0.00    0.00     8      0.00      0.00 10388468 1457108   2.26      0.00      0.00      0.00       0    214.00      0.00  |__CPU 6/TCG
12:22:59 AM     0         -     14769    1.00    0.00    0.00    0.00    1.00    12      0.00      0.00 10388468 1457108   2.26      0.00      0.00      0.00       0    284.00      0.00  |__CPU 7/TCG
12:22:59 AM     0         -     14770    0.00    0.00    0.00    0.00    0.00    12      0.00      0.00 10388468 1457108   2.26      0.00      0.00      0.00       0      8.00      0.00  |__worker

# Time        UID      TGID       TID    %usr %system  %guest   %wait    %CPU   CPU  minflt/s  majflt/s     VSZ     RSS   %MEM   kB_rd/s   kB_wr/s kB_ccwr/s iodelay   cswch/s nvcswch/s  Command
12:23:00 AM     0     14759         -  136.00    1.00    0.00    0.00  137.00     4    699.00      0.00 10388468 1465920   2.28      0.00     80.00      0.00       0    544.00      0.00  qemu-system-ris
12:23:00 AM     0         -     14759    0.00    0.00    0.00    0.00    0.00     4      0.00      0.00 10388468 1465920   2.28      0.00      0.00      0.00       0    544.00      0.00  |__qemu-system-ris
12:23:00 AM     0         -     14760    0.00    0.00    0.00    0.00    0.00    14      0.00      0.00 10388468 1465920   2.28      0.00      0.00      0.00       0      0.00      0.00  |__call_rcu
12:23:00 AM     0         -     14761    0.00    0.00    0.00    0.00    0.00     0      0.00      0.00 10388468 1465920   2.28      0.00      4.00      0.00       0     15.00      0.00  |__worker
12:23:00 AM     0         -     14762  100.00    0.00    0.00    0.00  100.00     6    660.00      0.00 10388468 1465920   2.28      0.00      0.00      0.00       0    134.00      1.00  |__CPU 0/TCG
12:23:00 AM     0         -     14763   31.00    0.00    0.00    0.00   31.00    14     39.00      0.00 10388468 1465920   2.28      0.00      4.00      0.00       0    111.00      0.00  |__CPU 1/TCG
12:23:00 AM     0         -     14764    2.00    1.00    0.00    0.00    3.00    11      0.00      0.00 10388468 1465920   2.28      0.00      0.00      0.00       0    134.00      0.00  |__CPU 2/TCG
12:23:00 AM     0         -     14765    1.00    0.00    0.00    0.00    1.00     1      0.00      0.00 10388468 1465920   2.28      0.00      0.00      0.00       0    154.00      0.00  |__CPU 3/TCG
12:23:00 AM     0         -     14766    0.00    0.00    0.00    0.00    0.00    15      0.00      0.00 10388468 1465920   2.28      0.00      0.00      0.00       0    123.00      0.00  |__CPU 4/TCG
12:23:00 AM     0         -     14767    0.00    0.00    0.00    0.00    0.00     0      0.00      0.00 10388468 1465920   2.28      0.00      0.00      0.00       0    148.00      0.00  |__CPU 5/TCG
12:23:00 AM     0         -     14768    1.00    0.00    0.00    0.00    1.00     8      0.00      0.00 10388468 1465920   2.28      0.00      0.00      0.00       0    150.00      0.00  |__CPU 6/TCG
12:23:00 AM     0         -     14769    0.00    0.00    0.00    0.00    0.00    12      0.00      0.00 10388468 1465920   2.28      0.00      0.00      0.00       0    125.00      0.00  |__CPU 7/TCG
12:23:00 AM     0         -     14770    0.00    0.00    0.00    0.00    0.00    12      0.00      0.00 10388468 1465920   2.28      0.00     72.00      0.00       0     16.00      0.00  |__worker

# Time        UID      TGID       TID    %usr %system  %guest   %wait    %CPU   CPU  minflt/s  majflt/s     VSZ     RSS   %MEM   kB_rd/s   kB_wr/s kB_ccwr/s iodelay   cswch/s nvcswch/s  Command
12:23:01 AM     0     14759         -  151.00    0.00    0.00    0.00  151.00     4    359.00      0.00 10388468 1481552   2.30      0.00      0.00      0.00       0    485.00      0.00  qemu-system-ris
12:23:01 AM     0         -     14759    0.00    1.00    0.00    0.00    1.00     4      0.00      0.00 10388468 1481552   2.30      0.00      0.00      0.00       0    485.00      0.00  |__qemu-system-ris
12:23:01 AM     0         -     14760    0.00    0.00    0.00    0.00    0.00    14      0.00      0.00 10388468 1481552   2.30      0.00      0.00      0.00       0      0.00      0.00  |__call_rcu
12:23:01 AM     0         -     14761    0.00    0.00    0.00    0.00    0.00     0      0.00      0.00 10388468 1481552   2.30      0.00      0.00      0.00       0      0.00      0.00  |__worker
12:23:01 AM     0         -     14762  100.00    0.00    0.00    0.00  100.00     7    358.00      0.00 10388468 1481552   2.30      0.00      0.00      0.00       0    288.00      1.00  |__CPU 0/TCG
12:23:01 AM     0         -     14763   50.00    0.00    0.00    0.00   50.00    14      0.00      0.00 10388468 1481552   2.30      0.00      0.00      0.00       0    100.00      1.00  |__CPU 1/TCG
12:23:01 AM     0         -     14764    1.00    0.00    0.00    0.00    1.00    11      0.00      0.00 10388468 1481552   2.30      0.00      0.00      0.00       0    133.00      0.00  |__CPU 2/TCG
12:23:01 AM     0         -     14765    0.00    0.00    0.00    0.00    0.00     1      0.00      0.00 10388468 1481552   2.30      0.00      0.00      0.00       0    122.00      0.00  |__CPU 3/TCG
12:23:01 AM     0         -     14766    1.00    0.00    0.00    0.00    1.00    15      0.00      0.00 10388468 1481552   2.30      0.00      0.00      0.00       0    102.00      0.00  |__CPU 4/TCG
12:23:01 AM     0         -     14767    0.00    0.00    0.00    0.00    0.00     0      0.00      0.00 10388468 1481552   2.30      0.00      0.00      0.00       0    138.00      0.00  |__CPU 5/TCG
12:23:01 AM     0         -     14768    0.00    0.00    0.00    0.00    0.00     8      0.00      0.00 10388468 1481552   2.30      0.00      0.00      0.00       0    118.00      0.00  |__CPU 6/TCG
12:23:01 AM     0         -     14769    1.00    0.00    0.00    0.00    1.00    12      1.00      0.00 10388468 1481552   2.30      0.00      0.00      0.00       0    101.00      0.00  |__CPU 7/TCG
12:23:01 AM     0         -     14770    0.00    0.00    0.00    0.00    0.00    12      0.00      0.00 10388468 1481552   2.30      0.00      0.00      0.00       0      0.00      0.00  |__worker

# Time        UID      TGID       TID    %usr %system  %guest   %wait    %CPU   CPU  minflt/s  majflt/s     VSZ     RSS   %MEM   kB_rd/s   kB_wr/s kB_ccwr/s iodelay   cswch/s nvcswch/s  Command
12:23:02 AM     0     14759         -  101.00    2.00    0.00    0.00  103.00     4    639.00      0.00 10388468 1488280   2.31      0.00      0.00      0.00       0    352.00      0.00  qemu-system-ris
12:23:02 AM     0         -     14759    0.00    0.00    0.00    0.00    0.00     4      0.00      0.00 10388468 1488280   2.31      0.00      0.00      0.00       0    352.00      0.00  |__qemu-system-ris
12:23:02 AM     0         -     14760    0.00    0.00    0.00    0.00    0.00    14      0.00      0.00 10388468 1488280   2.31      0.00      0.00      0.00       0      0.00      0.00  |__call_rcu
12:23:02 AM     0         -     14761    0.00    0.00    0.00    0.00    0.00     0      0.00      0.00 10388468 1488280   2.31      0.00      0.00      0.00       0      0.00      0.00  |__worker
12:23:02 AM     0         -     14762  100.00    0.00    0.00    0.00  100.00     6    639.00      0.00 10388468 1488280   2.31      0.00      0.00      0.00       0      7.00      2.00  |__CPU 0/TCG
12:23:02 AM     0         -     14763    1.00    0.00    0.00    0.00    1.00    14      0.00      0.00 10388468 1488280   2.31      0.00      0.00      0.00       0    353.00      0.00  |__CPU 1/TCG
12:23:02 AM     0         -     14764    0.00    0.00    0.00    0.00    0.00    11      0.00      0.00 10388468 1488280   2.31      0.00      0.00      0.00       0    325.00      0.00  |__CPU 2/TCG
12:23:02 AM     0         -     14765    0.00    1.00    0.00    0.00    1.00     1      0.00      0.00 10388468 1488280   2.31      0.00      0.00      0.00       0    366.00      0.00  |__CPU 3/TCG
12:23:02 AM     0         -     14766    0.00    0.00    0.00    0.00    0.00    15      0.00      0.00 10388468 1488280   2.31      0.00      0.00      0.00       0    301.00      0.00  |__CPU 4/TCG
12:23:02 AM     0         -     14767    0.00    0.00    0.00    0.00    0.00     0      0.00      0.00 10388468 1488280   2.31      0.00      0.00      0.00       0    282.00      0.00  |__CPU 5/TCG
12:23:02 AM     0         -     14768    0.00    0.00    0.00    0.00    0.00     8      0.00      0.00 10388468 1488280   2.31      0.00      0.00      0.00       0    376.00      0.00  |__CPU 6/TCG
12:23:02 AM     0         -     14769    0.00    0.00    0.00    0.00    0.00    12      0.00      0.00 10388468 1488280   2.31      0.00      0.00      0.00       0    363.00      0.00  |__CPU 7/TCG
12:23:02 AM     0         -     14770    0.00    0.00    0.00    0.00    0.00    12      0.00      0.00 10388468 1488280   2.31      0.00      0.00      0.00       0      0.00      0.00  |__worker

# Time        UID      TGID       TID    %usr %system  %guest   %wait    %CPU   CPU  minflt/s  majflt/s     VSZ     RSS   %MEM   kB_rd/s   kB_wr/s kB_ccwr/s iodelay   cswch/s nvcswch/s  Command
12:23:03 AM     0     14759         -  111.00    0.00    0.00    0.00  111.00     2     88.00      0.00 10388468 1490588   2.32      0.00      0.00      0.00       0    381.00      0.00  qemu-system-ris
12:23:03 AM     0         -     14759    0.00    0.00    0.00    0.00    0.00     2      0.00      0.00 10388468 1490588   2.32      0.00      0.00      0.00       0    381.00      0.00  |__qemu-system-ris
12:23:03 AM     0         -     14760    0.00    0.00    0.00    0.00    0.00    14      0.00      0.00 10388468 1490588   2.32      0.00      0.00      0.00       0      0.00      0.00  |__call_rcu
12:23:03 AM     0         -     14761    0.00    0.00    0.00    0.00    0.00     0      0.00      0.00 10388468 1490588   2.32      0.00      0.00      0.00       0      0.00      0.00  |__worker
12:23:03 AM     0         -     14762  100.00    0.00    0.00    0.00  100.00     6     72.00      0.00 10388468 1490588   2.32      0.00      0.00      0.00       0     38.00      3.00  |__CPU 0/TCG
12:23:03 AM     0         -     14763    6.00    0.00    0.00    0.00    6.00    14     18.00      0.00 10388468 1490588   2.32      0.00      0.00      0.00       0    282.00      0.00  |__CPU 1/TCG
12:23:03 AM     0         -     14764    0.00    0.00    0.00    0.00    0.00    12      0.00      0.00 10388468 1490588   2.32      0.00      0.00      0.00       0    336.00      0.00  |__CPU 2/TCG
12:23:03 AM     0         -     14765    0.00    0.00    0.00    0.00    0.00     1      0.00      0.00 10388468 1490588   2.32      0.00      0.00      0.00       0    287.00      0.00  |__CPU 3/TCG
12:23:03 AM     0         -     14766    1.00    0.00    0.00    0.00    1.00    15      0.00      0.00 10388468 1490588   2.32      0.00      0.00      0.00       0    290.00      0.00  |__CPU 4/TCG
12:23:03 AM     0         -     14767    0.00    0.00    0.00    0.00    0.00     0      0.00      0.00 10388468 1490588   2.32      0.00      0.00      0.00       0    300.00      0.00  |__CPU 5/TCG
12:23:03 AM     0         -     14768    0.00    0.00    0.00    0.00    0.00     8      0.00      0.00 10388468 1490588   2.32      0.00      0.00      0.00       0    357.00      0.00  |__CPU 6/TCG
12:23:03 AM     0         -     14769    1.00    0.00    0.00    0.00    1.00    12      0.00      0.00 10388468 1490588   2.32      0.00      0.00      0.00       0    278.00      0.00  |__CPU 7/TCG
12:23:03 AM     0         -     14770    0.00    0.00    0.00    0.00    0.00    12      0.00      0.00 10388468 1490588   2.32      0.00      0.00      0.00       0      0.00      0.00  |__worker

# Time        UID      TGID       TID    %usr %system  %guest   %wait    %CPU   CPU  minflt/s  majflt/s     VSZ     RSS   %MEM   kB_rd/s   kB_wr/s kB_ccwr/s iodelay   cswch/s nvcswch/s  Command
12:23:04 AM     0     14759         -  136.00    0.00    0.00    0.00  136.00     2    167.00      0.00 10388468 1499520   2.33      0.00      8.00      0.00       0    601.00      0.00  qemu-system-ris
12:23:04 AM     0         -     14759    1.00    0.00    0.00    0.00    1.00     2      0.00      0.00 10388468 1499520   2.33      0.00      0.00      0.00       0    601.00      0.00  |__qemu-system-ris
12:23:04 AM     0         -     14760    0.00    0.00    0.00    0.00    0.00    14      0.00      0.00 10388468 1499520   2.33      0.00      0.00      0.00       0      0.00      0.00  |__call_rcu
12:23:04 AM     0         -     14761    0.00    0.00    0.00    0.00    0.00     0      0.00      0.00 10388468 1499520   2.33      0.00      4.00      0.00       0      9.00      0.00  |__worker
12:23:04 AM     0         -     14762  100.00    0.00    0.00    0.00  100.00     6    156.00      0.00 10388468 1499520   2.33      0.00      0.00      0.00       0    178.00      1.00  |__CPU 0/TCG
12:23:04 AM     0         -     14763   34.00    0.00    0.00    0.00   34.00    14      6.00      0.00 10388468 1499520   2.33      0.00      4.00      0.00       0     92.00      0.00  |__CPU 1/TCG
12:23:04 AM     0         -     14764    1.00    0.00    0.00    0.00    1.00    12      0.00      0.00 10388468 1499520   2.33      0.00      0.00      0.00       0    186.00      0.00  |__CPU 2/TCG
12:23:04 AM     0         -     14765    0.00    0.00    0.00    0.00    0.00     1      0.00      0.00 10388468 1499520   2.33      0.00      0.00      0.00       0    142.00      0.00  |__CPU 3/TCG
12:23:04 AM     0         -     14766    0.00    0.00    0.00    0.00    0.00    15      0.00      0.00 10388468 1499520   2.33      0.00      0.00      0.00       0    149.00      0.00  |__CPU 4/TCG
12:23:04 AM     0         -     14767    1.00    0.00    0.00    0.00    1.00     0      3.00      0.00 10388468 1499520   2.33      0.00      0.00      0.00       0    164.00      0.00  |__CPU 5/TCG
12:23:04 AM     0         -     14768    1.00    0.00    0.00    0.00    1.00     8      0.00      0.00 10388468 1499520   2.33      0.00      0.00      0.00       0    150.00      0.00  |__CPU 6/TCG
12:23:04 AM     0         -     14769    0.00    0.00    0.00    0.00    0.00    12      0.00      0.00 10388468 1499520   2.33      0.00      0.00      0.00       0    107.00      0.00  |__CPU 7/TCG
12:23:04 AM     0         -     14770    0.00    0.00    0.00    0.00    0.00    12      0.00      0.00 10388468 1499520   2.33      0.00      0.00      0.00       0      9.00      0.00  |__worker

# Time        UID      TGID       TID    %usr %system  %guest   %wait    %CPU   CPU  minflt/s  majflt/s     VSZ     RSS   %MEM   kB_rd/s   kB_wr/s kB_ccwr/s iodelay   cswch/s nvcswch/s  Command
12:23:05 AM     0     14759         -  169.00    2.00    0.00    0.00  171.00     2    801.00      0.00 10388468 1514948   2.35      0.00     24.00      0.00       0    560.00      0.00  qemu-system-ris
12:23:05 AM     0         -     14759    0.00    0.00    0.00    0.00    0.00     2      0.00      0.00 10388468 1514948   2.35      0.00      0.00      0.00       0    560.00      0.00  |__qemu-system-ris
12:23:05 AM     0         -     14760    0.00    0.00    0.00    0.00    0.00    14      0.00      0.00 10388468 1514948   2.35      0.00      0.00      0.00       0      0.00      0.00  |__call_rcu
12:23:05 AM     0         -     14761    0.00    0.00    0.00    0.00    0.00     0      0.00      0.00 10388468 1514948   2.35      0.00      0.00      0.00       0      0.00      0.00  |__worker
12:23:05 AM     0         -     14762   99.00    1.00    0.00    0.00  100.00     6    785.00      0.00 10388468 1514948   2.35      0.00      0.00      0.00       0    309.00      3.00  |__CPU 0/TCG
12:23:05 AM     0         -     14763   58.00    0.00    0.00    0.00   58.00    14     16.00      0.00 10388468 1514948   2.35      0.00      0.00      0.00       0    101.00      1.00  |__CPU 1/TCG
12:23:05 AM     0         -     14764    0.00    0.00    0.00    0.00    0.00    12      0.00      0.00 10388468 1514948   2.35      0.00      0.00      0.00       0    163.00      0.00  |__CPU 2/TCG
12:23:05 AM     0         -     14765    0.00    0.00    0.00    0.00    0.00     1      0.00      0.00 10388468 1514948   2.35      0.00      0.00      0.00       0    153.00      0.00  |__CPU 3/TCG
12:23:05 AM     0         -     14766    0.00    0.00    0.00    0.00    0.00    15      0.00      0.00 10388468 1514948   2.35      0.00      0.00      0.00       0    157.00      0.00  |__CPU 4/TCG
12:23:05 AM     0         -     14767   10.00    2.00    0.00    0.00   12.00     0      0.00      0.00 10388468 1514948   2.35      0.00     24.00      0.00       0    206.00      1.00  |__CPU 5/TCG
12:23:05 AM     0         -     14768    0.00    0.00    0.00    0.00    0.00     8      0.00      0.00 10388468 1514948   2.35      0.00      0.00      0.00       0    172.00      0.00  |__CPU 6/TCG
12:23:05 AM     0         -     14769    1.00    0.00    0.00    0.00    1.00    12      0.00      0.00 10388468 1514948   2.35      0.00      0.00      0.00       0    149.00      0.00  |__CPU 7/TCG
12:23:05 AM     0         -     14770    0.00    0.00    0.00    0.00    0.00    12      0.00      0.00 10388468 1514948   2.35      0.00      0.00      0.00       0      0.00      0.00  |__worker

# Time        UID      TGID       TID    %usr %system  %guest   %wait    %CPU   CPU  minflt/s  majflt/s     VSZ     RSS   %MEM   kB_rd/s   kB_wr/s kB_ccwr/s iodelay   cswch/s nvcswch/s  Command
12:23:06 AM     0     14759         -  102.00    0.00    0.00    0.00  102.00     4    311.00      0.00 10388468 1520352   2.36      0.00      0.00      0.00       0    718.00      0.00  qemu-system-ris
12:23:06 AM     0         -     14759    0.00    0.00    0.00    0.00    0.00     4      0.00      0.00 10388468 1520352   2.36      0.00      0.00      0.00       0    718.00      0.00  |__qemu-system-ris
12:23:06 AM     0         -     14760    0.00    0.00    0.00    0.00    0.00    14      0.00      0.00 10388468 1520352   2.36      0.00      0.00      0.00       0      0.00      0.00  |__call_rcu
12:23:06 AM     0         -     14761    0.00    0.00    0.00    0.00    0.00     0      0.00      0.00 10388468 1520352   2.36      0.00      0.00      0.00       0      0.00      0.00  |__worker
12:23:06 AM     0         -     14762  100.00    0.00    0.00    0.00  100.00     6    311.00      0.00 10388468 1520352   2.36      0.00      0.00      0.00       0     17.00      2.00  |__CPU 0/TCG
12:23:06 AM     0         -     14763    0.00    0.00    0.00    0.00    0.00    14      0.00      0.00 10388468 1520352   2.36      0.00      0.00      0.00       0    100.00      0.00  |__CPU 1/TCG
12:23:06 AM     0         -     14764    0.00    0.00    0.00    0.00    0.00    12      0.00      0.00 10388468 1520352   2.36      0.00      0.00      0.00       0    100.00      0.00  |__CPU 2/TCG
12:23:06 AM     0         -     14765    0.00    0.00    0.00    0.00    0.00     1      0.00      0.00 10388468 1520352   2.36      0.00      0.00      0.00       0    100.00      0.00  |__CPU 3/TCG
12:23:06 AM     0         -     14766    0.00    0.00    0.00    0.00    0.00    15      0.00      0.00 10388468 1520352   2.36      0.00      0.00      0.00       0    101.00      0.00  |__CPU 4/TCG
12:23:06 AM     0         -     14767    0.00    0.00    0.00    0.00    0.00     0      0.00      0.00 10388468 1520352   2.36      0.00      0.00      0.00       0    125.00      0.00  |__CPU 5/TCG
12:23:06 AM     0         -     14768    0.00    0.00    0.00    0.00    0.00     8      0.00      0.00 10388468 1520352   2.36      0.00      0.00      0.00       0    101.00      0.00  |__CPU 6/TCG
12:23:06 AM     0         -     14769    0.00    0.00    0.00    0.00    0.00    12      0.00      0.00 10388468 1520352   2.36      0.00      0.00      0.00       0    100.00      0.00  |__CPU 7/TCG
12:23:06 AM     0         -     14770    0.00    0.00    0.00    0.00    0.00    12      0.00      0.00 10388468 1520352   2.36      0.00      0.00      0.00       0      0.00      0.00  |__worker

# Time        UID      TGID       TID    %usr %system  %guest   %wait    %CPU   CPU  minflt/s  majflt/s     VSZ     RSS   %MEM   kB_rd/s   kB_wr/s kB_ccwr/s iodelay   cswch/s nvcswch/s  Command
12:23:07 AM     0     14759         -  110.00    1.00    0.00    0.00  111.00     4    410.00      0.00 10388468 1526032   2.37      0.00      0.00      0.00       0    580.00      0.00  qemu-system-ris
12:23:07 AM     0         -     14759    0.00    0.00    0.00    0.00    0.00     4      0.00      0.00 10388468 1526032   2.37      0.00      0.00      0.00       0    580.00      0.00  |__qemu-system-ris
12:23:07 AM     0         -     14760    0.00    0.00    0.00    0.00    0.00    14      0.00      0.00 10388468 1526032   2.37      0.00      0.00      0.00       0      0.00      0.00  |__call_rcu
12:23:07 AM     0         -     14761    0.00    0.00    0.00    0.00    0.00     0      0.00      0.00 10388468 1526032   2.37      0.00      0.00      0.00       0      0.00      0.00  |__worker
12:23:07 AM     0         -     14762  100.00    0.00    0.00    0.00  100.00     6    386.00      0.00 10388468 1526032   2.37      0.00      0.00      0.00       0     33.00      4.00  |__CPU 0/TCG
12:23:07 AM     0         -     14763   10.00    0.00    0.00    0.00   10.00    14     24.00      0.00 10388468 1526032   2.37      0.00      0.00      0.00       0    135.00      0.00  |__CPU 1/TCG
12:23:07 AM     0         -     14764    0.00    0.00    0.00    0.00    0.00    12      0.00      0.00 10388468 1526032   2.37      0.00      0.00      0.00       0    143.00      0.00  |__CPU 2/TCG
12:23:07 AM     0         -     14765    1.00    0.00    0.00    0.00    1.00     1      0.00      0.00 10388468 1526032   2.37      0.00      0.00      0.00       0    118.00      0.00  |__CPU 3/TCG
12:23:07 AM     0         -     14766    0.00    0.00    0.00    0.00    0.00    15      0.00      0.00 10388468 1526032   2.37      0.00      0.00      0.00       0    106.00      0.00  |__CPU 4/TCG
12:23:07 AM     0         -     14767    1.00    0.00    0.00    0.00    1.00     0      0.00      0.00 10388468 1526032   2.37      0.00      0.00      0.00       0    152.00      0.00  |__CPU 5/TCG
12:23:07 AM     0         -     14768    0.00    0.00    0.00    0.00    0.00     8      0.00      0.00 10388468 1526032   2.37      0.00      0.00      0.00       0    147.00      0.00  |__CPU 6/TCG
12:23:07 AM     0         -     14769    0.00    0.00    0.00    0.00    0.00    12      0.00      0.00 10388468 1526032   2.37      0.00      0.00      0.00       0    101.00      0.00  |__CPU 7/TCG
12:23:07 AM     0         -     14770    0.00    0.00    0.00    0.00    0.00    12      0.00      0.00 10388468 1526032   2.37      0.00      0.00      0.00       0      0.00      0.00  |__worker

# Time        UID      TGID       TID    %usr %system  %guest   %wait    %CPU   CPU  minflt/s  majflt/s     VSZ     RSS   %MEM   kB_rd/s   kB_wr/s kB_ccwr/s iodelay   cswch/s nvcswch/s  Command
12:23:08 AM     0     14759         -  157.00    1.00    0.00    0.00  158.00     4    341.00      0.00 10388468 1531432   2.38      0.00     24.00      0.00       0    579.00      0.00  qemu-system-ris
12:23:08 AM     0         -     14759    0.00    0.00    0.00    0.00    0.00     4      0.00      0.00 10388468 1531432   2.38      0.00      0.00      0.00       0    579.00      0.00  |__qemu-system-ris
12:23:08 AM     0         -     14760    0.00    0.00    0.00    0.00    0.00    14      0.00      0.00 10388468 1531432   2.38      0.00      0.00      0.00       0      0.00      0.00  |__call_rcu
12:23:08 AM     0         -     14761    0.00    0.00    0.00    0.00    0.00     0      0.00      0.00 10388468 1531432   2.38      0.00     12.00      0.00       0     26.00      0.00  |__worker
12:23:08 AM     0         -     14762  100.00    0.00    0.00    0.00  100.00     6    176.00      0.00 10388468 1531432   2.38      0.00      0.00      0.00       0    246.00      0.00  |__CPU 0/TCG
12:23:08 AM     0         -     14763   51.00    1.00    0.00    0.00   52.00    14    151.00      0.00 10388468 1531432   2.38      0.00      0.00      0.00       0     95.00      1.00  |__CPU 1/TCG
12:23:08 AM     0         -     14764    3.00    0.00    0.00    0.00    3.00    11      9.00      0.00 10388468 1531432   2.38      0.00      0.00      0.00       0    175.00      0.00  |__CPU 2/TCG
12:23:08 AM     0         -     14765    0.00    0.00    0.00    0.00    0.00     1      0.00      0.00 10388468 1531432   2.38      0.00      0.00      0.00       0    179.00      0.00  |__CPU 3/TCG
12:23:08 AM     0         -     14766    0.00    1.00    0.00    0.00    1.00    15      0.00      0.00 10388468 1531432   2.38      0.00      0.00      0.00       0    134.00      0.00  |__CPU 4/TCG
12:23:08 AM     0         -     14767    0.00    0.00    0.00    0.00    0.00     0      0.00      0.00 10388468 1531432   2.38      0.00      0.00      0.00       0    203.00      0.00  |__CPU 5/TCG
12:23:08 AM     0         -     14768    0.00    0.00    0.00    0.00    0.00     8      0.00      0.00 10388468 1531432   2.38      0.00      0.00      0.00       0    213.00      0.00  |__CPU 6/TCG
12:23:08 AM     0         -     14769    1.00    0.00    0.00    0.00    1.00    12      5.00      0.00 10388468 1531432   2.38      0.00      0.00      0.00       0    107.00      0.00  |__CPU 7/TCG
12:23:08 AM     0         -     14770    0.00    0.00    0.00    0.00    0.00    12      0.00      0.00 10388468 1531432   2.38      0.00     12.00      0.00       0     25.00      0.00  |__worker

# Time        UID      TGID       TID    %usr %system  %guest   %wait    %CPU   CPU  minflt/s  majflt/s     VSZ     RSS   %MEM   kB_rd/s   kB_wr/s kB_ccwr/s iodelay   cswch/s nvcswch/s  Command
12:23:09 AM     0     14759         -  133.00    0.00    0.00    0.00  133.00     2    410.00      0.00 10388468 1541180   2.39      0.00      0.00      0.00       0    627.00      0.00  qemu-system-ris
12:23:09 AM     0         -     14759    1.00    1.00    0.00    0.00    2.00     2      0.00      0.00 10388468 1541180   2.39      0.00      0.00      0.00       0    627.00      0.00  |__qemu-system-ris
12:23:09 AM     0         -     14760    0.00    0.00    0.00    0.00    0.00    14      0.00      0.00 10388468 1541180   2.39      0.00      0.00      0.00       0      0.00      0.00  |__call_rcu
12:23:09 AM     0         -     14761    0.00    0.00    0.00    0.00    0.00     0      0.00      0.00 10388468 1541180   2.39      0.00      0.00      0.00       0      6.00      0.00  |__worker
12:23:09 AM     0         -     14762  100.00    0.00    0.00    0.00  100.00     7    171.00      0.00 10388468 1541180   2.39      0.00      0.00      0.00       0    135.00      2.00  |__CPU 0/TCG
12:23:09 AM     0         -     14763   27.00    0.00    0.00    0.00   27.00    14    239.00      0.00 10388468 1541180   2.39      0.00      0.00      0.00       0    118.00      1.00  |__CPU 1/TCG
12:23:09 AM     0         -     14764    3.00    1.00    0.00    0.00    4.00    11      0.00      0.00 10388468 1541180   2.39      0.00      0.00      0.00       0    134.00      0.00  |__CPU 2/TCG
12:23:09 AM     0         -     14765    1.00    0.00    0.00    0.00    1.00     1      0.00      0.00 10388468 1541180   2.39      0.00      0.00      0.00       0    152.00      0.00  |__CPU 3/TCG
12:23:09 AM     0         -     14766    1.00    0.00    0.00    0.00    1.00    15      0.00      0.00 10388468 1541180   2.39      0.00      0.00      0.00       0    128.00      0.00  |__CPU 4/TCG
12:23:09 AM     0         -     14767    0.00    0.00    0.00    0.00    0.00     0      0.00      0.00 10388468 1541180   2.39      0.00      0.00      0.00       0    164.00      0.00  |__CPU 5/TCG
12:23:09 AM     0         -     14768    1.00    0.00    0.00    0.00    1.00     8      0.00      0.00 10388468 1541180   2.39      0.00      0.00      0.00       0    140.00      0.00  |__CPU 6/TCG
12:23:09 AM     0         -     14769    1.00    0.00    0.00    0.00    1.00    12      0.00      0.00 10388468 1541180   2.39      0.00      0.00      0.00       0    117.00      0.00  |__CPU 7/TCG
12:23:09 AM     0         -     14770    0.00    0.00    0.00    0.00    0.00    12      0.00      0.00 10388468 1541180   2.39      0.00      0.00      0.00       0      6.00      0.00  |__worker

# Time        UID      TGID       TID    %usr %system  %guest   %wait    %CPU   CPU  minflt/s  majflt/s     VSZ     RSS   %MEM   kB_rd/s   kB_wr/s kB_ccwr/s iodelay   cswch/s nvcswch/s  Command
12:23:10 AM     0     14759         -  144.00    2.00    0.00    0.00  146.00     2    891.00      0.00 10388468 1600068   2.49      0.00      0.00      0.00       0   1336.00      0.00  qemu-system-ris
12:23:10 AM     0         -     14759    0.00    0.00    0.00    0.00    0.00     2      0.00      0.00 10388468 1600068   2.49      0.00      0.00      0.00       0   1336.00      0.00  |__qemu-system-ris
12:23:10 AM     0         -     14760    0.00    0.00    0.00    0.00    0.00    14      0.00      0.00 10388468 1600068   2.49      0.00      0.00      0.00       0      0.00      0.00  |__call_rcu
12:23:10 AM     0         -     14761    0.00    0.00    0.00    0.00    0.00     0      0.00      0.00 10388468 1600068   2.49      0.00      0.00      0.00       0    183.00      0.00  |__worker
12:23:10 AM     0         -     14762   99.00    1.00    0.00    0.00  100.00     7    676.00      0.00 10388468 1600068   2.49      0.00      0.00      0.00       0   1334.00      1.00  |__CPU 0/TCG
12:23:10 AM     0         -     14763   21.00    1.00    0.00    0.00   22.00    14     36.00      0.00 10388468 1600068   2.49      0.00      0.00      0.00       0    925.00      0.00  |__CPU 1/TCG
12:23:10 AM     0         -     14764    1.00    0.00    0.00    0.00    1.00    11      1.00      0.00 10388468 1600068   2.49      0.00      0.00      0.00       0    120.00      0.00  |__CPU 2/TCG
12:23:10 AM     0         -     14765    0.00    0.00    0.00    0.00    0.00     1      0.00      0.00 10388468 1600068   2.49      0.00      0.00      0.00       0    173.00      0.00  |__CPU 3/TCG
12:23:10 AM     0         -     14766    1.00    0.00    0.00    0.00    1.00    15      0.00      0.00 10388468 1600068   2.49      0.00      0.00      0.00       0    143.00      0.00  |__CPU 4/TCG
12:23:10 AM     0         -     14767    1.00    0.00    0.00    0.00    1.00     8      0.00      0.00 10388468 1600068   2.49      0.00      0.00      0.00       0    181.00      0.00  |__CPU 5/TCG
12:23:10 AM     0         -     14768   19.00    0.00    0.00    0.00   19.00    10    173.00      0.00 10388468 1600068   2.49      0.00      0.00      0.00       0    146.00      0.00  |__CPU 6/TCG
12:23:10 AM     0         -     14769    1.00    0.00    0.00    0.00    1.00     8      5.00      0.00 10388468 1600068   2.49      0.00      0.00      0.00       0    103.00      0.00  |__CPU 7/TCG
12:23:10 AM     0         -     14770    0.00    0.00    0.00    0.00    0.00     0      0.00      0.00 10388468 1600068   2.49      0.00      0.00      0.00       0    182.00      0.00  |__worker

# Time        UID      TGID       TID    %usr %system  %guest   %wait    %CPU   CPU  minflt/s  majflt/s     VSZ     RSS   %MEM   kB_rd/s   kB_wr/s kB_ccwr/s iodelay   cswch/s nvcswch/s  Command
12:23:11 AM     0     14759         -  162.00    2.00    0.00    0.00  164.00     4    979.00      0.00 10388468 1615904   2.51      0.00     36.00      0.00       0   1606.00      0.00  qemu-system-ris
12:23:11 AM     0         -     14759    1.00    0.00    0.00    0.00    1.00     4      0.00      0.00 10388468 1615904   2.51      0.00      0.00      0.00       0   1606.00      0.00  |__qemu-system-ris
12:23:11 AM     0         -     14760    0.00    0.00    0.00    0.00    0.00    14      0.00      0.00 10388468 1615904   2.51      0.00      0.00      0.00       0      0.00      0.00  |__call_rcu
12:23:11 AM     0         -     14761    0.00    0.00    0.00    0.00    0.00     2      0.00      0.00 10388468 1615904   2.51      0.00     20.00      0.00       0    248.00      0.00  |__worker
12:23:11 AM     0         -     14762   98.00    0.00    0.00    0.00   98.00     7    770.00      0.00 10388468 1615904   2.51      0.00      0.00      0.00       0   1642.00      4.00  |__CPU 0/TCG
12:23:11 AM     0         -     14763   57.00    0.00    0.00    0.00   57.00    14    190.00      0.00 10388468 1615904   2.51      0.00      0.00      0.00       0   1076.00      1.00  |__CPU 1/TCG
12:23:11 AM     0         -     14764    2.00    0.00    0.00    0.00    2.00    11      0.00      0.00 10388468 1615904   2.51      0.00      0.00      0.00       0    134.00      0.00  |__CPU 2/TCG
12:23:11 AM     0         -     14765    1.00    0.00    0.00    0.00    1.00     1      0.00      0.00 10388468 1615904   2.51      0.00      0.00      0.00       0    168.00      0.00  |__CPU 3/TCG
12:23:11 AM     0         -     14766    2.00    0.00    0.00    0.00    2.00    15      5.00      0.00 10388468 1615904   2.51      0.00      0.00      0.00       0    140.00      0.00  |__CPU 4/TCG
12:23:11 AM     0         -     14767    0.00    0.00    0.00    0.00    0.00     8      0.00      0.00 10388468 1615904   2.51      0.00      0.00      0.00       0    166.00      0.00  |__CPU 5/TCG
12:23:11 AM     0         -     14768    1.00    0.00    0.00    0.00    1.00    10     14.00      0.00 10388468 1615904   2.51      0.00      0.00      0.00       0    143.00      0.00  |__CPU 6/TCG
12:23:11 AM     0         -     14769    1.00    0.00    0.00    0.00    1.00    12      0.00      0.00 10388468 1615904   2.51      0.00      0.00      0.00       0    113.00      0.00  |__CPU 7/TCG
12:23:11 AM     0         -     14770    0.00    0.00    0.00    0.00    0.00     0      0.00      0.00 10388468 1615904   2.51      0.00     16.00      0.00       0    250.00      0.00  |__worker

# Time        UID      TGID       TID    %usr %system  %guest   %wait    %CPU   CPU  minflt/s  majflt/s     VSZ     RSS   %MEM   kB_rd/s   kB_wr/s kB_ccwr/s iodelay   cswch/s nvcswch/s  Command
12:23:12 AM     0     14759         -  149.00    0.00    0.00    0.00  149.00     4    164.00      0.00 10388468 1625108   2.52      0.00      0.00      0.00       0    645.00      0.00  qemu-system-ris
12:23:12 AM     0         -     14759    0.00    0.00    0.00    0.00    0.00     4      0.00      0.00 10388468 1625108   2.52      0.00      0.00      0.00       0    645.00      0.00  |__qemu-system-ris
12:23:12 AM     0         -     14760    0.00    0.00    0.00    0.00    0.00    14      0.00      0.00 10388468 1625108   2.52      0.00      0.00      0.00       0      0.00      0.00  |__call_rcu
12:23:12 AM     0         -     14761    0.00    0.00    0.00    0.00    0.00     2      0.00      0.00 10388468 1625108   2.52      0.00      0.00      0.00       0      0.00      0.00  |__worker
12:23:12 AM     0         -     14762  100.00    0.00    0.00    0.00  100.00     6    103.00      0.00 10388468 1625108   2.52      0.00      0.00      0.00       0    235.00      2.00  |__CPU 0/TCG
12:23:12 AM     0         -     14763   40.00    0.00    0.00    0.00   40.00    14     21.00      0.00 10388468 1625108   2.52      0.00      0.00      0.00       0    105.00      1.00  |__CPU 1/TCG
12:23:12 AM     0         -     14764    1.00    0.00    0.00    0.00    1.00    11      0.00      0.00 10388468 1625108   2.52      0.00      0.00      0.00       0    125.00      0.00  |__CPU 2/TCG
12:23:12 AM     0         -     14765    0.00    0.00    0.00    0.00    0.00     1      0.00      0.00 10388468 1625108   2.52      0.00      0.00      0.00       0    133.00      0.00  |__CPU 3/TCG
12:23:12 AM     0         -     14766    0.00    0.00    0.00    0.00    0.00    15      0.00      0.00 10388468 1625108   2.52      0.00      0.00      0.00       0    112.00      0.00  |__CPU 4/TCG
12:23:12 AM     0         -     14767    6.00    0.00    0.00    0.00    6.00     8     40.00      0.00 10388468 1625108   2.52      0.00      0.00      0.00       0    121.00      0.00  |__CPU 5/TCG
12:23:12 AM     0         -     14768    0.00    0.00    0.00    0.00    0.00    10      0.00      0.00 10388468 1625108   2.52      0.00      0.00      0.00       0    123.00      0.00  |__CPU 6/TCG
12:23:12 AM     0         -     14769    0.00    0.00    0.00    0.00    0.00    12      0.00      0.00 10388468 1625108   2.52      0.00      0.00      0.00       0    113.00      0.00  |__CPU 7/TCG
12:23:12 AM     0         -     14770    0.00    0.00    0.00    0.00    0.00     0      0.00      0.00 10388468 1625108   2.52      0.00      0.00      0.00       0      0.00      0.00  |__worker

# Time        UID      TGID       TID    %usr %system  %guest   %wait    %CPU   CPU  minflt/s  majflt/s     VSZ     RSS   %MEM   kB_rd/s   kB_wr/s kB_ccwr/s iodelay   cswch/s nvcswch/s  Command
12:23:13 AM     0     14759         -  149.00    0.00    0.00    0.00  149.00     2    182.00      0.00 10388468 1631716   2.53      0.00      0.00      0.00       0    640.00      0.00  qemu-system-ris
12:23:13 AM     0         -     14759    0.00    0.00    0.00    0.00    0.00     2      0.00      0.00 10388468 1631716   2.53      0.00      0.00      0.00       0    640.00      0.00  |__qemu-system-ris
12:23:13 AM     0         -     14760    0.00    0.00    0.00    0.00    0.00    14      0.00      0.00 10388468 1631716   2.53      0.00      0.00      0.00       0      0.00      0.00  |__call_rcu
12:23:13 AM     0         -     14761    0.00    0.00    0.00    0.00    0.00     2      0.00      0.00 10388468 1631716   2.53      0.00      0.00      0.00       0      0.00      0.00  |__worker
12:23:13 AM     0         -     14762  100.00    0.00    0.00    0.00  100.00     7    160.00      0.00 10388468 1631716   2.53      0.00      0.00      0.00       0    274.00      2.00  |__CPU 0/TCG
12:23:13 AM     0         -     14763   44.00    0.00    0.00    0.00   44.00    14     20.00      0.00 10388468 1631716   2.53      0.00      0.00      0.00       0    108.00      1.00  |__CPU 1/TCG
12:23:13 AM     0         -     14764    1.00    0.00    0.00    0.00    1.00    11      0.00      0.00 10388468 1631716   2.53      0.00      0.00      0.00       0    125.00      0.00  |__CPU 2/TCG
12:23:13 AM     0         -     14765    1.00    0.00    0.00    0.00    1.00     1      0.00      0.00 10388468 1631716   2.53      0.00      0.00      0.00       0    122.00      0.00  |__CPU 3/TCG
12:23:13 AM     0         -     14766    1.00    0.00    0.00    0.00    1.00    15      0.00      0.00 10388468 1631716   2.53      0.00      0.00      0.00       0    118.00      0.00  |__CPU 4/TCG
12:23:13 AM     0         -     14767    0.00    0.00    0.00    0.00    0.00     8      0.00      0.00 10388468 1631716   2.53      0.00      0.00      0.00       0    136.00      0.00  |__CPU 5/TCG
12:23:13 AM     0         -     14768    0.00    0.00    0.00    0.00    0.00    10      2.00      0.00 10388468 1631716   2.53      0.00      0.00      0.00       0    115.00      0.00  |__CPU 6/TCG
12:23:13 AM     0         -     14769    1.00    0.00    0.00    0.00    1.00    12      0.00      0.00 10388468 1631716   2.53      0.00      0.00      0.00       0     99.00      0.00  |__CPU 7/TCG
12:23:13 AM     0         -     14770    0.00    0.00    0.00    0.00    0.00     0      0.00      0.00 10388468 1631716   2.53      0.00      0.00      0.00       0      0.00      0.00  |__worker

# Time        UID      TGID       TID    %usr %system  %guest   %wait    %CPU   CPU  minflt/s  majflt/s     VSZ     RSS   %MEM   kB_rd/s   kB_wr/s kB_ccwr/s iodelay   cswch/s nvcswch/s  Command
12:23:14 AM     0     14759         -  123.00    1.00    0.00    0.00  124.00     2    757.00      0.00 10388468 1648868   2.56      0.00      0.00      0.00       0    730.00      0.00  qemu-system-ris
12:23:14 AM     0         -     14759    1.00    0.00    0.00    0.00    1.00     2      0.00      0.00 10388468 1648868   2.56      0.00      0.00      0.00       0    730.00      0.00  |__qemu-system-ris
12:23:14 AM     0         -     14760    0.00    0.00    0.00    0.00    0.00    14      0.00      0.00 10388468 1648868   2.56      0.00      0.00      0.00       0      0.00      0.00  |__call_rcu
12:23:14 AM     0         -     14761    0.00    0.00    0.00    0.00    0.00     0      0.00      0.00 10388468 1648868   2.56      0.00      0.00      0.00       0     23.00      0.00  |__worker
12:23:14 AM     0         -     14762  100.00    0.00    0.00    0.00  100.00     7    736.00      0.00 10388468 1648868   2.56      0.00      0.00      0.00       0    122.00      1.00  |__CPU 0/TCG
12:23:14 AM     0         -     14763   14.00    0.00    0.00    0.00   14.00    14     21.00      0.00 10388468 1648868   2.56      0.00      0.00      0.00       0    117.00      0.00  |__CPU 1/TCG
12:23:14 AM     0         -     14764    7.00    0.00    0.00    0.00    7.00    11      0.00      0.00 10388468 1648868   2.56      0.00      0.00      0.00       0    114.00      0.00  |__CPU 2/TCG
12:23:14 AM     0         -     14765    1.00    0.00    0.00    0.00    1.00     1      0.00      0.00 10388468 1648868   2.56      0.00      0.00      0.00       0    137.00      0.00  |__CPU 3/TCG
12:23:14 AM     0         -     14766    0.00    0.00    0.00    0.00    0.00    15      0.00      0.00 10388468 1648868   2.56      0.00      0.00      0.00       0    136.00      0.00  |__CPU 4/TCG
12:23:14 AM     0         -     14767    0.00    0.00    0.00    0.00    0.00     8      0.00      0.00 10388468 1648868   2.56      0.00      0.00      0.00       0    145.00      0.00  |__CPU 5/TCG
12:23:14 AM     0         -     14768    0.00    0.00    0.00    0.00    0.00    10      0.00      0.00 10388468 1648868   2.56      0.00      0.00      0.00       0    127.00      0.00  |__CPU 6/TCG
12:23:14 AM     0         -     14769    1.00    0.00    0.00    0.00    1.00    12      0.00      0.00 10388468 1648868   2.56      0.00      0.00      0.00       0    123.00      0.00  |__CPU 7/TCG
12:23:14 AM     0         -     14770    0.00    1.00    0.00    0.00    1.00    12      0.00      0.00 10388468 1648868   2.56      0.00      0.00      0.00       0     23.00      0.00  |__worker

# Time        UID      TGID       TID    %usr %system  %guest   %wait    %CPU   CPU  minflt/s  majflt/s     VSZ     RSS   %MEM   kB_rd/s   kB_wr/s kB_ccwr/s iodelay   cswch/s nvcswch/s  Command
12:23:15 AM     0     14759         -  109.00    3.00    0.00    0.00  112.00     2    884.00      0.00 10388468 1666864   2.59      0.00     32.00      0.00       0    717.00      0.00  qemu-system-ris
12:23:15 AM     0         -     14759    0.00    1.00    0.00    0.00    1.00     2      0.00      0.00 10388468 1666864   2.59      0.00      0.00      0.00       0    717.00      0.00  |__qemu-system-ris
12:23:15 AM     0         -     14760    0.00    0.00    0.00    0.00    0.00    14      0.00      0.00 10388468 1666864   2.59      0.00      0.00      0.00       0      0.00      0.00  |__call_rcu
12:23:15 AM     0         -     14761    0.00    0.00    0.00    0.00    0.00     0      0.00      0.00 10388468 1666864   2.59      0.00      0.00      0.00       0      0.00      0.00  |__worker
12:23:15 AM     0         -     14762  100.00    0.00    0.00    0.00  100.00     7    884.00      0.00 10388468 1666864   2.59      0.00      0.00      0.00       0     70.00      2.00  |__CPU 0/TCG
12:23:15 AM     0         -     14763    0.00    0.00    0.00    0.00    0.00    14      0.00      0.00 10388468 1666864   2.59      0.00      0.00      0.00       0    130.00      0.00  |__CPU 1/TCG
12:23:15 AM     0         -     14764    0.00    0.00    0.00    0.00    0.00    11      0.00      0.00 10388468 1666864   2.59      0.00      0.00      0.00       0    167.00      0.00  |__CPU 2/TCG
12:23:15 AM     0         -     14765    0.00    0.00    0.00    0.00    0.00     1      0.00      0.00 10388468 1666864   2.59      0.00      0.00      0.00       0    157.00      0.00  |__CPU 3/TCG
12:23:15 AM     0         -     14766    9.00    3.00    0.00    0.00   12.00    15      0.00      0.00 10388468 1666864   2.59      0.00     32.00      0.00       0    197.00      0.00  |__CPU 4/TCG
12:23:15 AM     0         -     14767    0.00    0.00    0.00    0.00    0.00     8      0.00      0.00 10388468 1666864   2.59      0.00      0.00      0.00       0    142.00      0.00  |__CPU 5/TCG
12:23:15 AM     0         -     14768    1.00    0.00    0.00    0.00    1.00    10      0.00      0.00 10388468 1666864   2.59      0.00      0.00      0.00       0    151.00      0.00  |__CPU 6/TCG
12:23:15 AM     0         -     14769    0.00    0.00    0.00    0.00    0.00    12      0.00      0.00 10388468 1666864   2.59      0.00      0.00      0.00       0    152.00      0.00  |__CPU 7/TCG
12:23:15 AM     0         -     14770    0.00    0.00    0.00    0.00    0.00    12      0.00      0.00 10388468 1666864   2.59      0.00      0.00      0.00       0      0.00      0.00  |__worker

# Time        UID      TGID       TID    %usr %system  %guest   %wait    %CPU   CPU  minflt/s  majflt/s     VSZ     RSS   %MEM   kB_rd/s   kB_wr/s kB_ccwr/s iodelay   cswch/s nvcswch/s  Command
12:23:16 AM     0     14759         -  102.00    0.00    0.00    0.00  102.00     4     57.00      0.00 10388468 1669172   2.59      0.00      0.00      0.00       0    718.00      0.00  qemu-system-ris
12:23:16 AM     0         -     14759    0.00    0.00    0.00    0.00    0.00     4      0.00      0.00 10388468 1669172   2.59      0.00      0.00      0.00       0    718.00      0.00  |__qemu-system-ris
12:23:16 AM     0         -     14760    0.00    0.00    0.00    0.00    0.00    14      0.00      0.00 10388468 1669172   2.59      0.00      0.00      0.00       0      0.00      0.00  |__call_rcu
12:23:16 AM     0         -     14761    0.00    0.00    0.00    0.00    0.00     0      0.00      0.00 10388468 1669172   2.59      0.00      0.00      0.00       0      0.00      0.00  |__worker
12:23:16 AM     0         -     14762  100.00    0.00    0.00    0.00  100.00     7     57.00      0.00 10388468 1669172   2.59      0.00      0.00      0.00       0      4.00      1.00  |__CPU 0/TCG
12:23:16 AM     0         -     14763    1.00    0.00    0.00    0.00    1.00    14      0.00      0.00 10388468 1669172   2.59      0.00      0.00      0.00       0    100.00      0.00  |__CPU 1/TCG
12:23:16 AM     0         -     14764    0.00    0.00    0.00    0.00    0.00    11      0.00      0.00 10388468 1669172   2.59      0.00      0.00      0.00       0    114.00      0.00  |__CPU 2/TCG
12:23:16 AM     0         -     14765    0.00    0.00    0.00    0.00    0.00     1      0.00      0.00 10388468 1669172   2.59      0.00      0.00      0.00       0    101.00      0.00  |__CPU 3/TCG
12:23:16 AM     0         -     14766    0.00    0.00    0.00    0.00    0.00    15      0.00      0.00 10388468 1669172   2.59      0.00      0.00      0.00       0    100.00      0.00  |__CPU 4/TCG
12:23:16 AM     0         -     14767    1.00    0.00    0.00    0.00    1.00     8      0.00      0.00 10388468 1669172   2.59      0.00      0.00      0.00       0    100.00      0.00  |__CPU 5/TCG
12:23:16 AM     0         -     14768    0.00    0.00    0.00    0.00    0.00     8      0.00      0.00 10388468 1669172   2.59      0.00      0.00      0.00       0    100.00      0.00  |__CPU 6/TCG
12:23:16 AM     0         -     14769    0.00    0.00    0.00    0.00    0.00    12      0.00      0.00 10388468 1669172   2.59      0.00      0.00      0.00       0    101.00      0.00  |__CPU 7/TCG
12:23:16 AM     0         -     14770    0.00    0.00    0.00    0.00    0.00    12      0.00      0.00 10388468 1669172   2.59      0.00      0.00      0.00       0      0.00      0.00  |__worker

# Time        UID      TGID       TID    %usr %system  %guest   %wait    %CPU   CPU  minflt/s  majflt/s     VSZ     RSS   %MEM   kB_rd/s   kB_wr/s kB_ccwr/s iodelay   cswch/s nvcswch/s  Command
12:23:17 AM     0     14759         -  159.00    0.00    0.00    0.00  159.00     4     22.00      0.00 10388468 1669436   2.59      0.00      0.00      0.00       0    556.00      0.00  qemu-system-ris
12:23:17 AM     0         -     14759    0.00    0.00    0.00    0.00    0.00     4      0.00      0.00 10388468 1669436   2.59      0.00      0.00      0.00       0    556.00      0.00  |__qemu-system-ris
12:23:17 AM     0         -     14760    0.00    0.00    0.00    0.00    0.00    14      0.00      0.00 10388468 1669436   2.59      0.00      0.00      0.00       0      0.00      0.00  |__call_rcu
12:23:17 AM     0         -     14761    0.00    0.00    0.00    0.00    0.00     0      0.00      0.00 10388468 1669436   2.59      0.00      0.00      0.00       0      0.00      0.00  |__worker
12:23:17 AM     0         -     14762  100.00    0.00    0.00    0.00  100.00     6      9.00      0.00 10388468 1669436   2.59      0.00      0.00      0.00       0    288.00      3.00  |__CPU 0/TCG
12:23:17 AM     0         -     14763   56.00    0.00    0.00    0.00   56.00    14      8.00      0.00 10388468 1669436   2.59      0.00      0.00      0.00       0     71.00      0.00  |__CPU 1/TCG
12:23:17 AM     0         -     14764    0.00    0.00    0.00    0.00    0.00    11      0.00      0.00 10388468 1669436   2.59      0.00      0.00      0.00       0    110.00      0.00  |__CPU 2/TCG
12:23:17 AM     0         -     14765    1.00    0.00    0.00    0.00    1.00     1      4.00      0.00 10388468 1669436   2.59      0.00      0.00      0.00       0    119.00      0.00  |__CPU 3/TCG
12:23:17 AM     0         -     14766    2.00    0.00    0.00    0.00    2.00    15      1.00      0.00 10388468 1669436   2.59      0.00      0.00      0.00       0    102.00      0.00  |__CPU 4/TCG
12:23:17 AM     0         -     14767    0.00    0.00    0.00    0.00    0.00     8      0.00      0.00 10388468 1669436   2.59      0.00      0.00      0.00       0    125.00      0.00  |__CPU 5/TCG
12:23:17 AM     0         -     14768    0.00    0.00    0.00    0.00    0.00    10      0.00      0.00 10388468 1669436   2.59      0.00      0.00      0.00       0    118.00      0.00  |__CPU 6/TCG
12:23:17 AM     0         -     14769    0.00    0.00    0.00    0.00    0.00    12      0.00      0.00 10388468 1669436   2.59      0.00      0.00      0.00       0    105.00      0.00  |__CPU 7/TCG
12:23:17 AM     0         -     14770    0.00    0.00    0.00    0.00    0.00    12      0.00      0.00 10388468 1669436   2.59      0.00      0.00      0.00       0      0.00      0.00  |__worker

# Time        UID      TGID       TID    %usr %system  %guest   %wait    %CPU   CPU  minflt/s  majflt/s     VSZ     RSS   %MEM   kB_rd/s   kB_wr/s kB_ccwr/s iodelay   cswch/s nvcswch/s  Command
12:23:18 AM     0     14759         -  132.00    1.00    0.00    0.00  133.00     4   1126.00      0.00 10388468 1690276   2.63      0.00      0.00      0.00       0    580.00      0.00  qemu-system-ris
12:23:18 AM     0         -     14759    0.00    0.00    0.00    0.00    0.00     4      0.00      0.00 10388468 1690276   2.63      0.00      0.00      0.00       0    580.00      0.00  |__qemu-system-ris
12:23:18 AM     0         -     14760    0.00    0.00    0.00    0.00    0.00    14      0.00      0.00 10388468 1690276   2.63      0.00      0.00      0.00       0      0.00      0.00  |__call_rcu
12:23:18 AM     0         -     14761    0.00    0.00    0.00    0.00    0.00     0      0.00      0.00 10388468 1690276   2.63      0.00      0.00      0.00       0      0.00      0.00  |__worker
12:23:18 AM     0         -     14762   99.00    0.00    0.00    0.00   99.00     6   1081.00      0.00 10388468 1690276   2.63      0.00      0.00      0.00       0    164.00      1.00  |__CPU 0/TCG
12:23:18 AM     0         -     14763   31.00    0.00    0.00    0.00   31.00    14     45.00      0.00 10388468 1690276   2.63      0.00      0.00      0.00       0     84.00      1.00  |__CPU 1/TCG
12:23:18 AM     0         -     14764    0.00    0.00    0.00    0.00    0.00    11      0.00      0.00 10388468 1690276   2.63      0.00      0.00      0.00       0    108.00      0.00  |__CPU 2/TCG
12:23:18 AM     0         -     14765    0.00    0.00    0.00    0.00    0.00     1      0.00      0.00 10388468 1690276   2.63      0.00      0.00      0.00       0    112.00      0.00  |__CPU 3/TCG
12:23:18 AM     0         -     14766    0.00    0.00    0.00    0.00    0.00    15      0.00      0.00 10388468 1690276   2.63      0.00      0.00      0.00       0    106.00      0.00  |__CPU 4/TCG
12:23:18 AM     0         -     14767    0.00    0.00    0.00    0.00    0.00     8      0.00      0.00 10388468 1690276   2.63      0.00      0.00      0.00       0    109.00      0.00  |__CPU 5/TCG
12:23:18 AM     0         -     14768    0.00    1.00    0.00    0.00    1.00    10      0.00      0.00 10388468 1690276   2.63      0.00      0.00      0.00       0    103.00      0.00  |__CPU 6/TCG
12:23:18 AM     0         -     14769    0.00    0.00    0.00    0.00    0.00    12      0.00      0.00 10388468 1690276   2.63      0.00      0.00      0.00       0    102.00      0.00  |__CPU 7/TCG
12:23:18 AM     0         -     14770    0.00    0.00    0.00    0.00    0.00    12      0.00      0.00 10388468 1690276   2.63      0.00      0.00      0.00       0      0.00      0.00  |__worker

# Time        UID      TGID       TID    %usr %system  %guest   %wait    %CPU   CPU  minflt/s  majflt/s     VSZ     RSS   %MEM   kB_rd/s   kB_wr/s kB_ccwr/s iodelay   cswch/s nvcswch/s  Command
12:23:19 AM     0     14759         -  101.00    0.00    0.00    0.00  101.00     2    334.00      0.00 10388468 1693644   2.63      0.00      0.00      0.00       0    611.00      0.00  qemu-system-ris
12:23:19 AM     0         -     14759    1.00    0.00    0.00    0.00    1.00     2      0.00      0.00 10388468 1693644   2.63      0.00      0.00      0.00       0    611.00      0.00  |__qemu-system-ris
12:23:19 AM     0         -     14760    0.00    0.00    0.00    0.00    0.00    14      0.00      0.00 10388468 1693644   2.63      0.00      0.00      0.00       0      0.00      0.00  |__call_rcu
12:23:19 AM     0         -     14761    0.00    0.00    0.00    0.00    0.00     0      0.00      0.00 10388468 1693644   2.63      0.00      0.00      0.00       0      0.00      0.00  |__worker
12:23:19 AM     0         -     14762  100.00    0.00    0.00    0.00  100.00     6    334.00      0.00 10388468 1693644   2.63      0.00      0.00      0.00       0      6.00      2.00  |__CPU 0/TCG
12:23:19 AM     0         -     14763    0.00    0.00    0.00    0.00    0.00    14      0.00      0.00 10388468 1693644   2.63      0.00      0.00      0.00       0    102.00      0.00  |__CPU 1/TCG
12:23:19 AM     0         -     14764    1.00    0.00    0.00    0.00    1.00    11      0.00      0.00 10388468 1693644   2.63      0.00      0.00      0.00       0    101.00      0.00  |__CPU 2/TCG
12:23:19 AM     0         -     14765    0.00    0.00    0.00    0.00    0.00     1      0.00      0.00 10388468 1693644   2.63      0.00      0.00      0.00       0    116.00      0.00  |__CPU 3/TCG
12:23:19 AM     0         -     14766    0.00    0.00    0.00    0.00    0.00    15      0.00      0.00 10388468 1693644   2.63      0.00      0.00      0.00       0    100.00      0.00  |__CPU 4/TCG
12:23:19 AM     0         -     14767    0.00    0.00    0.00    0.00    0.00     8      0.00      0.00 10388468 1693644   2.63      0.00      0.00      0.00       0    114.00      0.00  |__CPU 5/TCG
12:23:19 AM     0         -     14768    0.00    0.00    0.00    0.00    0.00    10      0.00      0.00 10388468 1693644   2.63      0.00      0.00      0.00       0    148.00      0.00  |__CPU 6/TCG
12:23:19 AM     0         -     14769    0.00    0.00    0.00    0.00    0.00    12      0.00      0.00 10388468 1693644   2.63      0.00      0.00      0.00       0    108.00      0.00  |__CPU 7/TCG
12:23:19 AM     0         -     14770    0.00    0.00    0.00    0.00    0.00    12      0.00      0.00 10388468 1693644   2.63      0.00      0.00      0.00       0      0.00      0.00  |__worker

# Time        UID      TGID       TID    %usr %system  %guest   %wait    %CPU   CPU  minflt/s  majflt/s     VSZ     RSS   %MEM   kB_rd/s   kB_wr/s kB_ccwr/s iodelay   cswch/s nvcswch/s  Command
12:23:20 AM     0     14759         -  128.00    0.00    0.00    0.00  128.00     2    106.00      0.00 10388468 1696212   2.63      0.00      4.00      0.00       0    484.00      0.00  qemu-system-ris
12:23:20 AM     0         -     14759    0.00    0.00    0.00    0.00    0.00     2      0.00      0.00 10388468 1696212   2.63      0.00      0.00      0.00       0    484.00      0.00  |__qemu-system-ris
12:23:20 AM     0         -     14760    0.00    0.00    0.00    0.00    0.00    14      0.00      0.00 10388468 1696212   2.63      0.00      0.00      0.00       0      0.00      0.00  |__call_rcu
12:23:20 AM     0         -     14761    0.00    0.00    0.00    0.00    0.00     0      0.00      0.00 10388468 1696212   2.63      0.00      0.00      0.00       0      0.00      0.00  |__worker
12:23:20 AM     0         -     14762  101.00    0.00    0.00    0.00  101.00     6     59.00      0.00 10388468 1696212   2.63      0.00      0.00      0.00       0     99.00      1.00  |__CPU 0/TCG
12:23:20 AM     0         -     14763   23.00    0.00    0.00    0.00   23.00    14     47.00      0.00 10388468 1696212   2.63      0.00      4.00      0.00       0    103.00      0.00  |__CPU 1/TCG
12:23:20 AM     0         -     14764    2.00    0.00    0.00    0.00    2.00    11      0.00      0.00 10388468 1696212   2.63      0.00      0.00      0.00       0    121.00      0.00  |__CPU 2/TCG
12:23:20 AM     0         -     14765    0.00    0.00    0.00    0.00    0.00     1      0.00      0.00 10388468 1696212   2.63      0.00      0.00      0.00       0    195.00      0.00  |__CPU 3/TCG
12:23:20 AM     0         -     14766    0.00    0.00    0.00    0.00    0.00    15      0.00      0.00 10388468 1696212   2.63      0.00      0.00      0.00       0    116.00      0.00  |__CPU 4/TCG
12:23:20 AM     0         -     14767    0.00    0.00    0.00    0.00    0.00     8      0.00      0.00 10388468 1696212   2.63      0.00      0.00      0.00       0    194.00      0.00  |__CPU 5/TCG
12:23:20 AM     0         -     14768    0.00    0.00    0.00    0.00    0.00     8      0.00      0.00 10388468 1696212   2.63      0.00      0.00      0.00       0    142.00      0.00  |__CPU 6/TCG
12:23:20 AM     0         -     14769    1.00    0.00    0.00    0.00    1.00    12      0.00      0.00 10388468 1696212   2.63      0.00      0.00      0.00       0    193.00      0.00  |__CPU 7/TCG
12:23:20 AM     0         -     14770    0.00    0.00    0.00    0.00    0.00    12      0.00      0.00 10388468 1696212   2.63      0.00      0.00      0.00       0      0.00      0.00  |__worker

# Time        UID      TGID       TID    %usr %system  %guest   %wait    %CPU   CPU  minflt/s  majflt/s     VSZ     RSS   %MEM   kB_rd/s   kB_wr/s kB_ccwr/s iodelay   cswch/s nvcswch/s  Command
12:23:21 AM     0     14759         -  152.00    2.00    0.00    0.00  154.00     2    268.00      0.00 10388468 1709492   2.66      0.00      0.00      0.00       0    545.00      0.00  qemu-system-ris
12:23:21 AM     0         -     14759    0.00    1.00    0.00    0.00    1.00     2      0.00      0.00 10388468 1709492   2.66      0.00      0.00      0.00       0    545.00      0.00  |__qemu-system-ris
12:23:21 AM     0         -     14760    0.00    0.00    0.00    0.00    0.00    14      0.00      0.00 10388468 1709492   2.66      0.00      0.00      0.00       0      0.00      0.00  |__call_rcu
12:23:21 AM     0         -     14761    0.00    0.00    0.00    0.00    0.00     0      0.00      0.00 10388468 1709492   2.66      0.00      0.00      0.00       0      0.00      0.00  |__worker
12:23:21 AM     0         -     14762   99.00    1.00    0.00    0.00  100.00     6    256.00      0.00 10388468 1709492   2.66      0.00      0.00      0.00       0    282.00      1.00  |__CPU 0/TCG
12:23:21 AM     0         -     14763   50.00    1.00    0.00    0.00   51.00    14      1.00      0.00 10388468 1709492   2.66      0.00      0.00      0.00       0     70.00      2.00  |__CPU 1/TCG
12:23:21 AM     0         -     14764    0.00    0.00    0.00    0.00    0.00    11      0.00      0.00 10388468 1709492   2.66      0.00      0.00      0.00       0    109.00      0.00  |__CPU 2/TCG
12:23:21 AM     0         -     14765    1.00    0.00    0.00    0.00    1.00     1      0.00      0.00 10388468 1709492   2.66      0.00      0.00      0.00       0    163.00      0.00  |__CPU 3/TCG
12:23:21 AM     0         -     14766    1.00    0.00    0.00    0.00    1.00    15      0.00      0.00 10388468 1709492   2.66      0.00      0.00      0.00       0    104.00      0.00  |__CPU 4/TCG
12:23:21 AM     0         -     14767    0.00    0.00    0.00    0.00    0.00     0      0.00      0.00 10388468 1709492   2.66      0.00      0.00      0.00       0    193.00      0.00  |__CPU 5/TCG
12:23:21 AM     0         -     14768    1.00    0.00    0.00    0.00    1.00     8     11.00      0.00 10388468 1709492   2.66      0.00      0.00      0.00       0    110.00      0.00  |__CPU 6/TCG
12:23:21 AM     0         -     14769    0.00    1.00    0.00    0.00    1.00    12      0.00      0.00 10388468 1709492   2.66      0.00      0.00      0.00       0    161.00      0.00  |__CPU 7/TCG
12:23:21 AM     0         -     14770    0.00    0.00    0.00    0.00    0.00    12      0.00      0.00 10388468 1709492   2.66      0.00      0.00      0.00       0      0.00      0.00  |__worker

# Time        UID      TGID       TID    %usr %system  %guest   %wait    %CPU   CPU  minflt/s  majflt/s     VSZ     RSS   %MEM   kB_rd/s   kB_wr/s kB_ccwr/s iodelay   cswch/s nvcswch/s  Command
12:23:22 AM     0     14759         -  101.00    0.00    0.00    0.00  101.00     2    831.00      0.00 10388468 1725184   2.68      0.00      0.00      0.00       0    719.00      0.00  qemu-system-ris
12:23:22 AM     0         -     14759    0.00    0.00    0.00    0.00    0.00     2      0.00      0.00 10388468 1725184   2.68      0.00      0.00      0.00       0    719.00      0.00  |__qemu-system-ris
12:23:22 AM     0         -     14760    0.00    0.00    0.00    0.00    0.00    14      0.00      0.00 10388468 1725184   2.68      0.00      0.00      0.00       0      0.00      0.00  |__call_rcu
12:23:22 AM     0         -     14761    0.00    0.00    0.00    0.00    0.00     0      0.00      0.00 10388468 1725184   2.68      0.00      0.00      0.00       0      0.00      0.00  |__worker
12:23:22 AM     0         -     14762  100.00    0.00    0.00    0.00  100.00     7    831.00      0.00 10388468 1725184   2.68      0.00      0.00      0.00       0      3.00      3.00  |__CPU 0/TCG
12:23:22 AM     0         -     14763    0.00    0.00    0.00    0.00    0.00    14      0.00      0.00 10388468 1725184   2.68      0.00      0.00      0.00       0    100.00      0.00  |__CPU 1/TCG
12:23:22 AM     0         -     14764    1.00    0.00    0.00    0.00    1.00    11      0.00      0.00 10388468 1725184   2.68      0.00      0.00      0.00       0     99.00      0.00  |__CPU 2/TCG
12:23:22 AM     0         -     14765    0.00    0.00    0.00    0.00    0.00     1      0.00      0.00 10388468 1725184   2.68      0.00      0.00      0.00       0    101.00      0.00  |__CPU 3/TCG
12:23:22 AM     0         -     14766    0.00    0.00    0.00    0.00    0.00    15      0.00      0.00 10388468 1725184   2.68      0.00      0.00      0.00       0    100.00      0.00  |__CPU 4/TCG
12:23:22 AM     0         -     14767    1.00    0.00    0.00    0.00    1.00     0      0.00      0.00 10388468 1725184   2.68      0.00      0.00      0.00       0    133.00      0.00  |__CPU 5/TCG
12:23:22 AM     0         -     14768    0.00    0.00    0.00    0.00    0.00     8      0.00      0.00 10388468 1725184   2.68      0.00      0.00      0.00       0    100.00      0.00  |__CPU 6/TCG
12:23:22 AM     0         -     14769    0.00    0.00    0.00    0.00    0.00     8      0.00      0.00 10388468 1725184   2.68      0.00      0.00      0.00       0    114.00      0.00  |__CPU 7/TCG
12:23:22 AM     0         -     14770    0.00    0.00    0.00    0.00    0.00    12      0.00      0.00 10388468 1725184   2.68      0.00      0.00      0.00       0      0.00      0.00  |__worker

# Time        UID      TGID       TID    %usr %system  %guest   %wait    %CPU   CPU  minflt/s  majflt/s     VSZ     RSS   %MEM   kB_rd/s   kB_wr/s kB_ccwr/s iodelay   cswch/s nvcswch/s  Command
12:23:23 AM     0     14759         -  102.00    0.00    0.00    0.00  102.00     2     57.00      0.00 10388468 1727232   2.68      0.00      0.00      0.00       0    694.00      0.00  qemu-system-ris
12:23:23 AM     0         -     14759    0.00    0.00    0.00    0.00    0.00     2      0.00      0.00 10388468 1727232   2.68      0.00      0.00      0.00       0    694.00      0.00  |__qemu-system-ris
12:23:23 AM     0         -     14760    0.00    0.00    0.00    0.00    0.00    14      0.00      0.00 10388468 1727232   2.68      0.00      0.00      0.00       0      0.00      0.00  |__call_rcu
12:23:23 AM     0         -     14761    0.00    0.00    0.00    0.00    0.00     0      0.00      0.00 10388468 1727232   2.68      0.00      0.00      0.00       0      0.00      0.00  |__worker
12:23:23 AM     0         -     14762  100.00    0.00    0.00    0.00  100.00     7     57.00      0.00 10388468 1727232   2.68      0.00      0.00      0.00       0      8.00      2.00  |__CPU 0/TCG
12:23:23 AM     0         -     14763    1.00    0.00    0.00    0.00    1.00    14      0.00      0.00 10388468 1727232   2.68      0.00      0.00      0.00       0    107.00      0.00  |__CPU 1/TCG
12:23:23 AM     0         -     14764    0.00    0.00    0.00    0.00    0.00    11      0.00      0.00 10388468 1727232   2.68      0.00      0.00      0.00       0    100.00      0.00  |__CPU 2/TCG
12:23:23 AM     0         -     14765    1.00    0.00    0.00    0.00    1.00     1      0.00      0.00 10388468 1727232   2.68      0.00      0.00      0.00       0    101.00      0.00  |__CPU 3/TCG
12:23:23 AM     0         -     14766    0.00    0.00    0.00    0.00    0.00    15      0.00      0.00 10388468 1727232   2.68      0.00      0.00      0.00       0    101.00      0.00  |__CPU 4/TCG
12:23:23 AM     0         -     14767    0.00    0.00    0.00    0.00    0.00     0      0.00      0.00 10388468 1727232   2.68      0.00      0.00      0.00       0    127.00      0.00  |__CPU 5/TCG
12:23:23 AM     0         -     14768    0.00    0.00    0.00    0.00    0.00     8      0.00      0.00 10388468 1727232   2.68      0.00      0.00      0.00       0    100.00      0.00  |__CPU 6/TCG
12:23:23 AM     0         -     14769    0.00    0.00    0.00    0.00    0.00     8      0.00      0.00 10388468 1727232   2.68      0.00      0.00      0.00       0    106.00      0.00  |__CPU 7/TCG
12:23:23 AM     0         -     14770    0.00    0.00    0.00    0.00    0.00    12      0.00      0.00 10388468 1727232   2.68      0.00      0.00      0.00       0      0.00      0.00  |__worker

# Time        UID      TGID       TID    %usr %system  %guest   %wait    %CPU   CPU  minflt/s  majflt/s     VSZ     RSS   %MEM   kB_rd/s   kB_wr/s kB_ccwr/s iodelay   cswch/s nvcswch/s  Command
12:23:24 AM     0     14759         -  122.00    1.00    0.00    0.00  123.00     2    715.00      0.00 10388468 1734156   2.69      0.00      0.00      0.00       0    714.00      0.00  qemu-system-ris
12:23:24 AM     0         -     14759    0.00    0.00    0.00    0.00    0.00     2      0.00      0.00 10388468 1734156   2.69      0.00      0.00      0.00       0    714.00      0.00  |__qemu-system-ris
12:23:24 AM     0         -     14760    0.00    0.00    0.00    0.00    0.00    14      0.00      0.00 10388468 1734156   2.69      0.00      0.00      0.00       0      0.00      0.00  |__call_rcu
12:23:24 AM     0         -     14761    0.00    0.00    0.00    0.00    0.00     0      0.00      0.00 10388468 1734156   2.69      0.00      0.00      0.00       0     12.00      0.00  |__worker
12:23:24 AM     0         -     14762   99.00    1.00    0.00    0.00  100.00     7    617.00      0.00 10388468 1734156   2.69      0.00      0.00      0.00       0     87.00      1.00  |__CPU 0/TCG
12:23:24 AM     0         -     14763   22.00    0.00    0.00    0.00   22.00    14     95.00      0.00 10388468 1734156   2.69      0.00      0.00      0.00       0    106.00      0.00  |__CPU 1/TCG
12:23:24 AM     0         -     14764    0.00    1.00    0.00    0.00    1.00    11      3.00      0.00 10388468 1734156   2.69      0.00      0.00      0.00       0    119.00      0.00  |__CPU 2/TCG
12:23:24 AM     0         -     14765    0.00    0.00    0.00    0.00    0.00     1      0.00      0.00 10388468 1734156   2.69      0.00      0.00      0.00       0    116.00      0.00  |__CPU 3/TCG
12:23:24 AM     0         -     14766    0.00    0.00    0.00    0.00    0.00    15      0.00      0.00 10388468 1734156   2.69      0.00      0.00      0.00       0    114.00      0.00  |__CPU 4/TCG
12:23:24 AM     0         -     14767    0.00    0.00    0.00    0.00    0.00     0      0.00      0.00 10388468 1734156   2.69      0.00      0.00      0.00       0    144.00      0.00  |__CPU 5/TCG
12:23:24 AM     0         -     14768    0.00    0.00    0.00    0.00    0.00     8      0.00      0.00 10388468 1734156   2.69      0.00      0.00      0.00       0    111.00      0.00  |__CPU 6/TCG
12:23:24 AM     0         -     14769    0.00    0.00    0.00    0.00    0.00    12      0.00      0.00 10388468 1734156   2.69      0.00      0.00      0.00       0    104.00      0.00  |__CPU 7/TCG
12:23:24 AM     0         -     14770    0.00    0.00    0.00    0.00    0.00    12      0.00      0.00 10388468 1734156   2.69      0.00      0.00      0.00       0     12.00      0.00  |__worker

# Time        UID      TGID       TID    %usr %system  %guest   %wait    %CPU   CPU  minflt/s  majflt/s     VSZ     RSS   %MEM   kB_rd/s   kB_wr/s kB_ccwr/s iodelay   cswch/s nvcswch/s  Command
12:23:25 AM     0     14759         -  124.00    3.00    0.00    0.00  127.00     2    278.00      0.00 10388468 1743128   2.71      0.00     28.00      0.00       0    580.00      0.00  qemu-system-ris
12:23:25 AM     0         -     14759    1.00    0.00    0.00    0.00    1.00     2      0.00      0.00 10388468 1743128   2.71      0.00      0.00      0.00       0    580.00      0.00  |__qemu-system-ris
12:23:25 AM     0         -     14760    0.00    0.00    0.00    0.00    0.00    14      0.00      0.00 10388468 1743128   2.71      0.00      0.00      0.00       0      0.00      0.00  |__call_rcu
12:23:25 AM     0         -     14761    0.00    0.00    0.00    0.00    0.00     0      0.00      0.00 10388468 1743128   2.71      0.00      0.00      0.00       0      3.00      0.00  |__worker
12:23:25 AM     0         -     14762   99.00    0.00    0.00    0.00   99.00     6    262.00      0.00 10388468 1743128   2.71      0.00      0.00      0.00       0    161.00      2.00  |__CPU 0/TCG
12:23:25 AM     0         -     14763   11.00    0.00    0.00    0.00   11.00    14     16.00      0.00 10388468 1743128   2.71      0.00      0.00      0.00       0    170.00      0.00  |__CPU 1/TCG
12:23:25 AM     0         -     14764    1.00    0.00    0.00    0.00    1.00    12      0.00      0.00 10388468 1743128   2.71      0.00      0.00      0.00       0    232.00      0.00  |__CPU 2/TCG
12:23:25 AM     0         -     14765    0.00    0.00    0.00    0.00    0.00     1      0.00      0.00 10388468 1743128   2.71      0.00      0.00      0.00       0    191.00      0.00  |__CPU 3/TCG
12:23:25 AM     0         -     14766    1.00    0.00    0.00    0.00    1.00    15      0.00      0.00 10388468 1743128   2.71      0.00      0.00      0.00       0    163.00      0.00  |__CPU 4/TCG
12:23:25 AM     0         -     14767    0.00    0.00    0.00    0.00    0.00     0      0.00      0.00 10388468 1743128   2.71      0.00      0.00      0.00       0    200.00      0.00  |__CPU 5/TCG
12:23:25 AM     0         -     14768   11.00    2.00    0.00    0.00   13.00    10      0.00      0.00 10388468 1743128   2.71      0.00     28.00      0.00       0    186.00      0.00  |__CPU 6/TCG
12:23:25 AM     0         -     14769    1.00    0.00    0.00    0.00    1.00     8      0.00      0.00 10388468 1743128   2.71      0.00      0.00      0.00       0    227.00      0.00  |__CPU 7/TCG
12:23:25 AM     0         -     14770    0.00    0.00    0.00    0.00    0.00    12      0.00      0.00 10388468 1743128   2.71      0.00      0.00      0.00       0      2.00      0.00  |__worker

# Time        UID      TGID       TID    %usr %system  %guest   %wait    %CPU   CPU  minflt/s  majflt/s     VSZ     RSS   %MEM   kB_rd/s   kB_wr/s kB_ccwr/s iodelay   cswch/s nvcswch/s  Command
12:23:26 AM     0     14759         -  102.00    1.00    0.00    0.00  103.00     2      9.00      0.00 10388468 1745440   2.71      0.00      0.00      0.00       0    497.00      0.00  qemu-system-ris
12:23:26 AM     0         -     14759    0.00    0.00    0.00    0.00    0.00     2      0.00      0.00 10388468 1745440   2.71      0.00      0.00      0.00       0    497.00      0.00  |__qemu-system-ris
12:23:26 AM     0         -     14760    0.00    0.00    0.00    0.00    0.00    14      0.00      0.00 10388468 1745440   2.71      0.00      0.00      0.00       0      0.00      0.00  |__call_rcu
12:23:26 AM     0         -     14761    0.00    0.00    0.00    0.00    0.00     0      0.00      0.00 10388468 1745440   2.71      0.00      0.00      0.00       0      1.00      0.00  |__worker
12:23:26 AM     0         -     14762  100.00    0.00    0.00    0.00  100.00     6      1.00      0.00 10388468 1745440   2.71      0.00      0.00      0.00       0      3.00      1.00  |__CPU 0/TCG
12:23:26 AM     0         -     14763    0.00    0.00    0.00    0.00    0.00    14      0.00      0.00 10388468 1745440   2.71      0.00      0.00      0.00       0    100.00      0.00  |__CPU 1/TCG
12:23:26 AM     0         -     14764    0.00    0.00    0.00    0.00    0.00    12      0.00      0.00 10388468 1745440   2.71      0.00      0.00      0.00       0    197.00      0.00  |__CPU 2/TCG
12:23:26 AM     0         -     14765    0.00    0.00    0.00    0.00    0.00     1      0.00      0.00 10388468 1745440   2.71      0.00      0.00      0.00       0    189.00      0.00  |__CPU 3/TCG
12:23:26 AM     0         -     14766    0.00    0.00    0.00    0.00    0.00    15      0.00      0.00 10388468 1745440   2.71      0.00      0.00      0.00       0    100.00      0.00  |__CPU 4/TCG
12:23:26 AM     0         -     14767    1.00    0.00    0.00    0.00    1.00     0      0.00      0.00 10388468 1745440   2.71      0.00      0.00      0.00       0    176.00      0.00  |__CPU 5/TCG
12:23:26 AM     0         -     14768    1.00    0.00    0.00    0.00    1.00    10      8.00      0.00 10388468 1745440   2.71      0.00      0.00      0.00       0     95.00      0.00  |__CPU 6/TCG
12:23:26 AM     0         -     14769    0.00    0.00    0.00    0.00    0.00     8      0.00      0.00 10388468 1745440   2.71      0.00      0.00      0.00       0    200.00      0.00  |__CPU 7/TCG
12:23:26 AM     0         -     14770    0.00    0.00    0.00    0.00    0.00    12      0.00      0.00 10388468 1745440   2.71      0.00      0.00      0.00       0      1.00      0.00  |__worker

# Time        UID      TGID       TID    %usr %system  %guest   %wait    %CPU   CPU  minflt/s  majflt/s     VSZ     RSS   %MEM   kB_rd/s   kB_wr/s kB_ccwr/s iodelay   cswch/s nvcswch/s  Command
12:23:27 AM     0     14759         -  101.00    0.00    0.00    0.00  101.00     4    115.00      0.00 10388468 1745700   2.71      0.00      0.00      0.00       0    395.00      0.00  qemu-system-ris
12:23:27 AM     0         -     14759    0.00    0.00    0.00    0.00    0.00     4      0.00      0.00 10388468 1745700   2.71      0.00      0.00      0.00       0    395.00      0.00  |__qemu-system-ris
12:23:27 AM     0         -     14760    0.00    0.00    0.00    0.00    0.00    14      0.00      0.00 10388468 1745700   2.71      0.00      0.00      0.00       0      0.00      0.00  |__call_rcu
12:23:27 AM     0         -     14761    0.00    0.00    0.00    0.00    0.00     0      0.00      0.00 10388468 1745700   2.71      0.00      0.00      0.00       0      1.00      0.00  |__worker
12:23:27 AM     0         -     14762  100.00    0.00    0.00    0.00  100.00     6    115.00      0.00 10388468 1745700   2.71      0.00      0.00      0.00       0     11.00      4.00  |__CPU 0/TCG
12:23:27 AM     0         -     14763    1.00    0.00    0.00    0.00    1.00    14      0.00      0.00 10388468 1745700   2.71      0.00      0.00      0.00       0    178.00      0.00  |__CPU 1/TCG
12:23:27 AM     0         -     14764    0.00    0.00    0.00    0.00    0.00    12      0.00      0.00 10388468 1745700   2.71      0.00      0.00      0.00       0    278.00      0.00  |__CPU 2/TCG
12:23:27 AM     0         -     14765    1.00    0.00    0.00    0.00    1.00     1      0.00      0.00 10388468 1745700   2.71      0.00      0.00      0.00       0    285.00      0.00  |__CPU 3/TCG
12:23:27 AM     0         -     14766    0.00    0.00    0.00    0.00    0.00    15      0.00      0.00 10388468 1745700   2.71      0.00      0.00      0.00       0    200.00      0.00  |__CPU 4/TCG
12:23:27 AM     0         -     14767    0.00    0.00    0.00    0.00    0.00     0      0.00      0.00 10388468 1745700   2.71      0.00      0.00      0.00       0    257.00      0.00  |__CPU 5/TCG
12:23:27 AM     0         -     14768    0.00    0.00    0.00    0.00    0.00    10      0.00      0.00 10388468 1745700   2.71      0.00      0.00      0.00       0    101.00      0.00  |__CPU 6/TCG
12:23:27 AM     0         -     14769    0.00    0.00    0.00    0.00    0.00     8      0.00      0.00 10388468 1745700   2.71      0.00      0.00      0.00       0    319.00      0.00  |__CPU 7/TCG
12:23:27 AM     0         -     14770    0.00    0.00    0.00    0.00    0.00    12      0.00      0.00 10388468 1745700   2.71      0.00      0.00      0.00       0      1.00      0.00  |__worker

# Time        UID      TGID       TID    %usr %system  %guest   %wait    %CPU   CPU  minflt/s  majflt/s     VSZ     RSS   %MEM   kB_rd/s   kB_wr/s kB_ccwr/s iodelay   cswch/s nvcswch/s  Command
12:23:28 AM     0     14759         -  103.00    0.00    0.00    0.00  103.00     4    625.00      0.00 10388468 1750268   2.72      0.00      0.00      0.00       0    349.00      0.00  qemu-system-ris
12:23:28 AM     0         -     14759    0.00    0.00    0.00    0.00    0.00     4      0.00      0.00 10388468 1750268   2.72      0.00      0.00      0.00       0    349.00      0.00  |__qemu-system-ris
12:23:28 AM     0         -     14760    0.00    0.00    0.00    0.00    0.00    14      0.00      0.00 10388468 1750268   2.72      0.00      0.00      0.00       0      0.00      0.00  |__call_rcu
12:23:28 AM     0         -     14761    0.00    0.00    0.00    0.00    0.00     0      0.00      0.00 10388468 1750268   2.72      0.00      0.00      0.00       0      0.00      0.00  |__worker
12:23:28 AM     0         -     14762  100.00    0.00    0.00    0.00  100.00     6    625.00      0.00 10388468 1750268   2.72      0.00      0.00      0.00       0      5.00      1.00  |__CPU 0/TCG
12:23:28 AM     0         -     14763    0.00    0.00    0.00    0.00    0.00    14      0.00      0.00 10388468 1750268   2.72      0.00      0.00      0.00       0    334.00      0.00  |__CPU 1/TCG
12:23:28 AM     0         -     14764    0.00    0.00    0.00    0.00    0.00    12      0.00      0.00 10388468 1750268   2.72      0.00      0.00      0.00       0    356.00      0.00  |__CPU 2/TCG
12:23:28 AM     0         -     14765    0.00    0.00    0.00    0.00    0.00     1      0.00      0.00 10388468 1750268   2.72      0.00      0.00      0.00       0    319.00      0.00  |__CPU 3/TCG
12:23:28 AM     0         -     14766    0.00    0.00    0.00    0.00    0.00    15      0.00      0.00 10388468 1750268   2.72      0.00      0.00      0.00       0    308.00      0.00  |__CPU 4/TCG
12:23:28 AM     0         -     14767    0.00    1.00    0.00    0.00    1.00     0      0.00      0.00 10388468 1750268   2.72      0.00      0.00      0.00       0    316.00      0.00  |__CPU 5/TCG
12:23:28 AM     0         -     14768    0.00    0.00    0.00    0.00    0.00    10      0.00      0.00 10388468 1750268   2.72      0.00      0.00      0.00       0    193.00      0.00  |__CPU 6/TCG
12:23:28 AM     0         -     14769    0.00    0.00    0.00    0.00    0.00     8      0.00      0.00 10388468 1750268   2.72      0.00      0.00      0.00       0    394.00      0.00  |__CPU 7/TCG
12:23:28 AM     0         -     14770    0.00    0.00    0.00    0.00    0.00    12      0.00      0.00 10388468 1750268   2.72      0.00      0.00      0.00       0      0.00      0.00  |__worker

# Time        UID      TGID       TID    %usr %system  %guest   %wait    %CPU   CPU  minflt/s  majflt/s     VSZ     RSS   %MEM   kB_rd/s   kB_wr/s kB_ccwr/s iodelay   cswch/s nvcswch/s  Command
12:23:29 AM     0     14759         -  107.00    1.00    0.00    0.00  108.00     4     13.00      0.00 10388468 1752316   2.72      0.00      0.00      0.00       0    758.00      0.00  qemu-system-ris
12:23:29 AM     0         -     14759    1.00    0.00    0.00    0.00    1.00     4      0.00      0.00 10388468 1752316   2.72      0.00      0.00      0.00       0    758.00      0.00  |__qemu-system-ris
12:23:29 AM     0         -     14760    0.00    0.00    0.00    0.00    0.00    14      0.00      0.00 10388468 1752316   2.72      0.00      0.00      0.00       0      0.00      0.00  |__call_rcu
12:23:29 AM     0         -     14761    0.00    0.00    0.00    0.00    0.00     0      0.00      0.00 10388468 1752316   2.72      0.00      0.00      0.00       0     76.00      0.00  |__worker
12:23:29 AM     0         -     14762  100.00    0.00    0.00    0.00  100.00     6     13.00      0.00 10388468 1752316   2.72      0.00      0.00      0.00       0     23.00      1.00  |__CPU 0/TCG
12:23:29 AM     0         -     14763    5.00    0.00    0.00    0.00    5.00    14      0.00      0.00 10388468 1752316   2.72      0.00      0.00      0.00       0   1146.00      0.00  |__CPU 1/TCG
12:23:29 AM     0         -     14764    0.00    0.00    0.00    0.00    0.00    11      0.00      0.00 10388468 1752316   2.72      0.00      0.00      0.00       0    184.00      0.00  |__CPU 2/TCG
12:23:29 AM     0         -     14765    0.00    0.00    0.00    0.00    0.00     1      0.00      0.00 10388468 1752316   2.72      0.00      0.00      0.00       0    191.00      0.00  |__CPU 3/TCG
12:23:29 AM     0         -     14766    0.00    0.00    0.00    0.00    0.00    15      0.00      0.00 10388468 1752316   2.72      0.00      0.00      0.00       0    162.00      0.00  |__CPU 4/TCG
12:23:29 AM     0         -     14767    0.00    0.00    0.00    0.00    0.00     0      0.00      0.00 10388468 1752316   2.72      0.00      0.00      0.00       0    177.00      0.00  |__CPU 5/TCG
12:23:29 AM     0         -     14768    0.00    0.00    0.00    0.00    0.00     8      0.00      0.00 10388468 1752316   2.72      0.00      0.00      0.00       0    181.00      0.00  |__CPU 6/TCG
12:23:29 AM     0         -     14769    0.00    0.00    0.00    0.00    0.00    12      0.00      0.00 10388468 1752316   2.72      0.00      0.00      0.00       0    175.00      0.00  |__CPU 7/TCG
12:23:29 AM     0         -     14770    0.00    0.00    0.00    0.00    0.00    12      0.00      0.00 10388468 1752316   2.72      0.00      0.00      0.00       0     76.00      0.00  |__worker

# Time        UID      TGID       TID    %usr %system  %guest   %wait    %CPU   CPU  minflt/s  majflt/s     VSZ     RSS   %MEM   kB_rd/s   kB_wr/s kB_ccwr/s iodelay   cswch/s nvcswch/s  Command
12:23:30 AM     0     14759         -  103.00    0.00    0.00    0.00  103.00     2    218.00      0.00 10388468 1756940   2.73      0.00    148.00      0.00       0    857.00      0.00  qemu-system-ris
12:23:30 AM     0         -     14759    0.00    0.00    0.00    0.00    0.00     2      0.00      0.00 10388468 1756940   2.73      0.00      0.00      0.00       0    857.00      0.00  |__qemu-system-ris
12:23:30 AM     0         -     14760    0.00    0.00    0.00    0.00    0.00    14      0.00      0.00 10388468 1756940   2.73      0.00      0.00      0.00       0      0.00      0.00  |__call_rcu
12:23:30 AM     0         -     14761    0.00    1.00    0.00    0.00    1.00     0      0.00      0.00 10388468 1756940   2.73      0.00    112.00      0.00       0    114.00      0.00  |__worker
12:23:30 AM     0         -     14762  100.00    1.00    0.00    0.00  101.00     6    218.00      0.00 10388468 1756940   2.73      0.00      0.00      0.00       0     30.00      1.00  |__CPU 0/TCG
12:23:30 AM     0         -     14763    2.00    0.00    0.00    0.00    2.00    14      0.00      0.00 10388468 1756940   2.73      0.00      0.00      0.00       0    542.00      0.00  |__CPU 1/TCG
12:23:30 AM     0         -     14764    0.00    0.00    0.00    0.00    0.00    11      0.00      0.00 10388468 1756940   2.73      0.00      0.00      0.00       0    208.00      0.00  |__CPU 2/TCG
12:23:30 AM     0         -     14765    0.00    0.00    0.00    0.00    0.00     1      0.00      0.00 10388468 1756940   2.73      0.00      0.00      0.00       0    234.00      0.00  |__CPU 3/TCG
12:23:30 AM     0         -     14766    1.00    0.00    0.00    0.00    1.00    15      0.00      0.00 10388468 1756940   2.73      0.00      0.00      0.00       0    153.00      0.00  |__CPU 4/TCG
12:23:30 AM     0         -     14767    0.00    0.00    0.00    0.00    0.00     0      0.00      0.00 10388468 1756940   2.73      0.00      0.00      0.00       0    207.00      0.00  |__CPU 5/TCG
12:23:30 AM     0         -     14768    1.00    0.00    0.00    0.00    1.00     8      0.00      0.00 10388468 1756940   2.73      0.00      0.00      0.00       0    217.00      0.00  |__CPU 6/TCG
12:23:30 AM     0         -     14769    0.00    0.00    0.00    0.00    0.00    12      0.00      0.00 10388468 1756940   2.73      0.00      0.00      0.00       0    213.00      0.00  |__CPU 7/TCG
12:23:30 AM     0         -     14770    0.00    0.00    0.00    0.00    0.00    12      0.00      0.00 10388468 1756940   2.73      0.00     36.00      0.00       0    115.00      0.00  |__worker

# Time        UID      TGID       TID    %usr %system  %guest   %wait    %CPU   CPU  minflt/s  majflt/s     VSZ     RSS   %MEM   kB_rd/s   kB_wr/s kB_ccwr/s iodelay   cswch/s nvcswch/s  Command
12:23:31 AM     0     14759         -  103.00    0.00    0.00    0.00  103.00     4    107.00      0.00 10388468 1765644   2.74      0.00     12.00      0.00       0   1749.00      0.00  qemu-system-ris
12:23:31 AM     0         -     14759    1.00    0.00    0.00    0.00    1.00     4      0.00      0.00 10388468 1765644   2.74      0.00      0.00      0.00       0   1751.00      0.00  |__qemu-system-ris
12:23:31 AM     0         -     14760    0.00    0.00    0.00    0.00    0.00    14      0.00      0.00 10388468 1765644   2.74      0.00      0.00      0.00       0      0.00      0.00  |__call_rcu
12:23:31 AM     0         -     14761    0.00    0.00    0.00    0.00    0.00     0      0.00      0.00 10388468 1765644   2.74      0.00      4.00      0.00       0    370.00      0.00  |__worker
12:23:31 AM     0         -     14762  100.00    0.00    0.00    0.00  100.00     6    107.00      0.00 10388468 1765644   2.74      0.00      0.00      0.00       0     36.00      2.00  |__CPU 0/TCG
12:23:31 AM     0         -     14763    0.00    0.00    0.00    0.00    0.00    14      0.00      0.00 10388468 1765644   2.74      0.00      0.00      0.00       0    119.00      0.00  |__CPU 1/TCG
12:23:31 AM     0         -     14764    1.00    0.00    0.00    0.00    1.00    11      0.00      0.00 10388468 1765644   2.74      0.00      0.00      0.00       0    142.00      0.00  |__CPU 2/TCG
12:23:31 AM     0         -     14765    1.00    0.00    0.00    0.00    1.00     1      0.00      0.00 10388468 1765644   2.74      0.00      0.00      0.00       0    178.00      0.00  |__CPU 3/TCG
12:23:31 AM     0         -     14766    0.00    0.00    0.00    0.00    0.00    15      0.00      0.00 10388468 1765644   2.74      0.00      0.00      0.00       0    161.00      0.00  |__CPU 4/TCG
12:23:31 AM     0         -     14767    1.00    0.00    0.00    0.00    1.00     8      0.00      0.00 10388468 1765644   2.74      0.00      0.00      0.00       0    147.00      0.00  |__CPU 5/TCG
12:23:31 AM     0         -     14768    0.00    0.00    0.00    0.00    0.00    10      0.00      0.00 10388468 1765644   2.74      0.00      0.00      0.00       0    199.00      0.00  |__CPU 6/TCG
12:23:31 AM     0         -     14769    1.00    0.00    0.00    0.00    1.00    12      0.00      0.00 10388468 1765644   2.74      0.00      0.00      0.00       0    144.00      0.00  |__CPU 7/TCG
12:23:31 AM     0         -     14770    0.00    0.00    0.00    0.00    0.00    12      0.00      0.00 10388468 1765644   2.74      0.00      8.00      0.00       0    369.00      0.00  |__worker

# Time        UID      TGID       TID    %usr %system  %guest   %wait    %CPU   CPU  minflt/s  majflt/s     VSZ     RSS   %MEM   kB_rd/s   kB_wr/s kB_ccwr/s iodelay   cswch/s nvcswch/s  Command
12:23:32 AM     0     14759         -  102.00    0.00    0.00    0.00  102.00     2      0.00      0.00 10388468 1765644   2.74      0.00      0.00      0.00       0    585.00      0.00  qemu-system-ris
12:23:32 AM     0         -     14759    1.00    0.00    0.00    0.00    1.00     2      0.00      0.00 10388468 1765644   2.74      0.00      0.00      0.00       0    583.00      0.00  |__qemu-system-ris
12:23:32 AM     0         -     14760    0.00    0.00    0.00    0.00    0.00    14      0.00      0.00 10388468 1765644   2.74      0.00      0.00      0.00       0      0.00      0.00  |__call_rcu
12:23:32 AM     0         -     14761    0.00    0.00    0.00    0.00    0.00     0      0.00      0.00 10388468 1765644   2.74      0.00      0.00      0.00       0      6.00      0.00  |__worker
12:23:32 AM     0         -     14762  100.00    0.00    0.00    0.00  100.00     6      0.00      0.00 10388468 1765644   2.74      0.00      0.00      0.00       0     22.00      2.00  |__CPU 0/TCG
12:23:32 AM     0         -     14763    0.00    0.00    0.00    0.00    0.00    14      0.00      0.00 10388468 1765644   2.74      0.00      0.00      0.00       0    100.00      0.00  |__CPU 1/TCG
12:23:32 AM     0         -     14764    0.00    0.00    0.00    0.00    0.00    11      0.00      0.00 10388468 1765644   2.74      0.00      0.00      0.00       0    150.00      0.00  |__CPU 2/TCG
12:23:32 AM     0         -     14765    0.00    0.00    0.00    0.00    0.00     1      0.00      0.00 10388468 1765644   2.74      0.00      0.00      0.00       0    169.00      0.00  |__CPU 3/TCG
12:23:32 AM     0         -     14766    0.00    0.00    0.00    0.00    0.00    15      0.00      0.00 10388468 1765644   2.74      0.00      0.00      0.00       0    139.00      0.00  |__CPU 4/TCG
12:23:32 AM     0         -     14767    0.00    0.00    0.00    0.00    0.00     8      0.00      0.00 10388468 1765644   2.74      0.00      0.00      0.00       0    135.00      0.00  |__CPU 5/TCG
12:23:32 AM     0         -     14768    0.00    0.00    0.00    0.00    0.00    14      0.00      0.00 10388468 1765644   2.74      0.00      0.00      0.00       0    132.00      0.00  |__CPU 6/TCG
12:23:32 AM     0         -     14769    0.00    0.00    0.00    0.00    0.00    12      0.00      0.00 10388468 1765644   2.74      0.00      0.00      0.00       0    149.00      0.00  |__CPU 7/TCG
12:23:32 AM     0         -     14770    0.00    0.00    0.00    0.00    0.00    12      0.00      0.00 10388468 1765644   2.74      0.00      0.00      0.00       0      6.00      0.00  |__worker

# Time        UID      TGID       TID    %usr %system  %guest   %wait    %CPU   CPU  minflt/s  majflt/s     VSZ     RSS   %MEM   kB_rd/s   kB_wr/s kB_ccwr/s iodelay   cswch/s nvcswch/s  Command
12:23:33 AM     0     14759         -  101.00    0.00    0.00    0.00  101.00     2      0.00      0.00 10388468 1765644   2.74      0.00      0.00      0.00       0    600.00      0.00  qemu-system-ris
12:23:33 AM     0         -     14759    0.00    1.00    0.00    0.00    1.00     2      0.00      0.00 10388468 1765644   2.74      0.00      0.00      0.00       0    600.00      0.00  |__qemu-system-ris
12:23:33 AM     0         -     14760    0.00    0.00    0.00    0.00    0.00    14      0.00      0.00 10388468 1765644   2.74      0.00      0.00      0.00       0      0.00      0.00  |__call_rcu
12:23:33 AM     0         -     14761    0.00    0.00    0.00    0.00    0.00     8      0.00      0.00 10388468 1765644   2.74      0.00      0.00      0.00       0     26.00      0.00  |__worker
12:23:33 AM     0         -     14762  100.00    0.00    0.00    0.00  100.00     6      0.00      0.00 10388468 1765644   2.74      0.00      0.00      0.00       0     13.00      1.00  |__CPU 0/TCG
12:23:33 AM     0         -     14763    1.00    0.00    0.00    0.00    1.00    14      0.00      0.00 10388468 1765644   2.74      0.00      0.00      0.00       0    100.00      0.00  |__CPU 1/TCG
12:23:33 AM     0         -     14764    0.00    0.00    0.00    0.00    0.00    11      0.00      0.00 10388468 1765644   2.74      0.00      0.00      0.00       0    161.00      0.00  |__CPU 2/TCG
12:23:33 AM     0         -     14765    0.00    0.00    0.00    0.00    0.00     1      0.00      0.00 10388468 1765644   2.74      0.00      0.00      0.00       0    141.00      0.00  |__CPU 3/TCG
12:23:33 AM     0         -     14766    0.00    0.00    0.00    0.00    0.00    15      0.00      0.00 10388468 1765644   2.74      0.00      0.00      0.00       0    138.00      0.00  |__CPU 4/TCG
12:23:33 AM     0         -     14767    0.00    0.00    0.00    0.00    0.00     8      0.00      0.00 10388468 1765644   2.74      0.00      0.00      0.00       0    157.00      0.00  |__CPU 5/TCG
12:23:33 AM     0         -     14768    0.00    0.00    0.00    0.00    0.00    14      0.00      0.00 10388468 1765644   2.74      0.00      0.00      0.00       0    141.00      0.00  |__CPU 6/TCG
12:23:33 AM     0         -     14769    0.00    0.00    0.00    0.00    0.00    12      0.00      0.00 10388468 1765644   2.74      0.00      0.00      0.00       0    120.00      0.00  |__CPU 7/TCG
12:23:33 AM     0         -     14770    0.00    0.00    0.00    0.00    0.00    12      0.00      0.00 10388468 1765644   2.74      0.00      0.00      0.00       0     26.00      0.00  |__worker

# Time        UID      TGID       TID    %usr %system  %guest   %wait    %CPU   CPU  minflt/s  majflt/s     VSZ     RSS   %MEM   kB_rd/s   kB_wr/s kB_ccwr/s iodelay   cswch/s nvcswch/s  Command
12:23:34 AM     0     14759         -  103.00    1.00    0.00    0.00  104.00     2    552.00      0.00 10388468 1767748   2.75      0.00    100.00      0.00       0   2592.00      0.00  qemu-system-ris
12:23:34 AM     0         -     14759    1.00    0.00    0.00    0.00    1.00     2      1.00      0.00 10388468 1767748   2.75      0.00      0.00      0.00       0   2592.00      0.00  |__qemu-system-ris
12:23:34 AM     0         -     14760    0.00    0.00    0.00    0.00    0.00    14      0.00      0.00 10388468 1767748   2.75      0.00      0.00      0.00       0      0.00      0.00  |__call_rcu
12:23:34 AM     0         -     14761    0.00    0.00    0.00    0.00    0.00     8      0.00      0.00 10388468 1767748   2.75      0.00     80.00      0.00       0    624.00      0.00  |__worker
12:23:34 AM     0         -     14762  100.00    0.00    0.00    0.00  100.00     6    536.00      0.00 10388468 1767748   2.75      0.00      0.00      0.00       0    100.00      0.00  |__CPU 0/TCG
12:23:34 AM     0         -     14763    0.00    0.00    0.00    0.00    0.00    14      0.00      0.00 10388468 1767748   2.75      0.00      0.00      0.00       0    108.00      0.00  |__CPU 1/TCG
12:23:34 AM     0         -     14764    0.00    0.00    0.00    0.00    0.00    11      0.00      0.00 10388468 1767748   2.75      0.00      0.00      0.00       0    171.00      0.00  |__CPU 2/TCG
12:23:34 AM     0         -     14765    0.00    0.00    0.00    0.00    0.00     1      0.00      0.00 10388468 1767748   2.75      0.00      0.00      0.00       0    166.00      0.00  |__CPU 3/TCG
12:23:34 AM     0         -     14766    0.00    0.00    0.00    0.00    0.00    15      0.00      0.00 10388468 1767748   2.75      0.00      0.00      0.00       0    177.00      0.00  |__CPU 4/TCG
12:23:34 AM     0         -     14767    0.00    0.00    0.00    0.00    0.00     4      0.00      0.00 10388468 1767748   2.75      0.00      0.00      0.00       0    180.00      0.00  |__CPU 5/TCG
12:23:34 AM     0         -     14768    0.00    0.00    0.00    0.00    0.00    14      0.00      0.00 10388468 1767748   2.75      0.00      0.00      0.00       0    157.00      0.00  |__CPU 6/TCG
12:23:34 AM     0         -     14769    0.00    0.00    0.00    0.00    0.00    12      0.00      0.00 10388468 1767748   2.75      0.00      0.00      0.00       0    175.00      0.00  |__CPU 7/TCG
12:23:34 AM     0         -     14770    0.00    0.00    0.00    0.00    0.00     0     15.00      0.00 10388468 1767748   2.75      0.00     20.00      0.00       0    622.00      0.00  |__worker

# Time        UID      TGID       TID    %usr %system  %guest   %wait    %CPU   CPU  minflt/s  majflt/s     VSZ     RSS   %MEM   kB_rd/s   kB_wr/s kB_ccwr/s iodelay   cswch/s nvcswch/s  Command
12:23:35 AM     0     14759         -  115.00    6.00    0.00    0.00  121.00     2     16.00      0.00 10388468 1767748   2.75      0.00    564.00      0.00       0   7032.00      0.00  qemu-system-ris
12:23:35 AM     0         -     14759    2.00    3.00    0.00    0.00    5.00     2      0.00      0.00 10388468 1767748   2.75      0.00      0.00      0.00       0   7032.00      0.00  |__qemu-system-ris
12:23:35 AM     0         -     14760    0.00    0.00    0.00    0.00    0.00    14      0.00      0.00 10388468 1767748   2.75      0.00      0.00      0.00       0      0.00      0.00  |__call_rcu
12:23:35 AM     0         -     14761    0.00    1.00    0.00    0.00    1.00    10      0.00      0.00 10388468 1767748   2.75      0.00    292.00      0.00       0   1902.00      0.00  |__worker
12:23:35 AM     0         -     14762   98.00    1.00    0.00    0.00   99.00     6     16.00      0.00 10388468 1767748   2.75      0.00      0.00      0.00       0    258.00      2.00  |__CPU 0/TCG
12:23:35 AM     0         -     14763    0.00    0.00    0.00    0.00    0.00    14      0.00      0.00 10388468 1767748   2.75      0.00      0.00      0.00       0    146.00      0.00  |__CPU 1/TCG
12:23:35 AM     0         -     14764    0.00    0.00    0.00    0.00    0.00    11      0.00      0.00 10388468 1767748   2.75      0.00      0.00      0.00       0    216.00      0.00  |__CPU 2/TCG
12:23:35 AM     0         -     14765    0.00    0.00    0.00    0.00    0.00     1      0.00      0.00 10388468 1767748   2.75      0.00      0.00      0.00       0    206.00      0.00  |__CPU 3/TCG
12:23:35 AM     0         -     14766    0.00    0.00    0.00    0.00    0.00    15      0.00      0.00 10388468 1767748   2.75      0.00      0.00      0.00       0    175.00      0.00  |__CPU 4/TCG
12:23:35 AM     0         -     14767    0.00    0.00    0.00    0.00    0.00     4      0.00      0.00 10388468 1767748   2.75      0.00      0.00      0.00       0    188.00      0.00  |__CPU 5/TCG
12:23:35 AM     0         -     14768   11.00    1.00    0.00    0.00   12.00     0      0.00      0.00 10388468 1767748   2.75      0.00     32.00      0.00       0   1291.00      0.00  |__CPU 6/TCG
12:23:35 AM     0         -     14769    0.00    0.00    0.00    0.00    0.00     8      0.00      0.00 10388468 1767748   2.75      0.00      0.00      0.00       0    195.00      0.00  |__CPU 7/TCG
12:23:35 AM     0         -     14770    0.00    2.00    0.00    0.00    2.00     0      0.00      0.00 10388468 1767748   2.75      0.00    240.00      0.00       0   1885.00      0.00  |__worker

# Time        UID      TGID       TID    %usr %system  %guest   %wait    %CPU   CPU  minflt/s  majflt/s     VSZ     RSS   %MEM   kB_rd/s   kB_wr/s kB_ccwr/s iodelay   cswch/s nvcswch/s  Command
12:23:36 AM     0     14759         -  103.00    5.00    0.00    0.00  108.00     4      7.00      0.00 10388468 1768012   2.75      0.00    316.00      0.00       0   6794.00      1.00  qemu-system-ris
12:23:36 AM     0         -     14759    4.00    1.00    0.00    0.00    5.00     4      0.00      0.00 10388468 1768012   2.75      0.00      0.00      0.00       0   6794.00      1.00  |__qemu-system-ris
12:23:36 AM     0         -     14760    0.00    0.00    0.00    0.00    0.00    14      0.00      0.00 10388468 1768012   2.75      0.00      0.00      0.00       0      0.00      0.00  |__call_rcu
12:23:36 AM     0         -     14761    1.00    1.00    0.00    0.00    2.00     8      0.00      0.00 10388468 1768012   2.75      0.00    184.00      0.00       0   1837.00      0.00  |__worker
12:23:36 AM     0         -     14762  100.00    0.00    0.00    0.00  100.00     7      7.00      0.00 10388468 1768012   2.75      0.00      0.00      0.00       0    542.00      1.00  |__CPU 0/TCG
12:23:36 AM     0         -     14763    0.00    0.00    0.00    0.00    0.00    14      0.00      0.00 10388468 1768012   2.75      0.00      0.00      0.00       0    114.00      0.00  |__CPU 1/TCG
12:23:36 AM     0         -     14764    0.00    0.00    0.00    0.00    0.00    11      0.00      0.00 10388468 1768012   2.75      0.00      0.00      0.00       0    153.00      0.00  |__CPU 2/TCG
12:23:36 AM     0         -     14765    0.00    0.00    0.00    0.00    0.00     1      0.00      0.00 10388468 1768012   2.75      0.00      0.00      0.00       0    163.00      0.00  |__CPU 3/TCG
12:23:36 AM     0         -     14766    1.00    0.00    0.00    0.00    1.00    15      0.00      0.00 10388468 1768012   2.75      0.00      0.00      0.00       0    158.00      0.00  |__CPU 4/TCG
12:23:36 AM     0         -     14767    0.00    0.00    0.00    0.00    0.00     0      0.00      0.00 10388468 1768012   2.75      0.00      0.00      0.00       0    152.00      0.00  |__CPU 5/TCG
12:23:36 AM     0         -     14768    0.00    0.00    0.00    0.00    0.00    14      0.00      0.00 10388468 1768012   2.75      0.00      0.00      0.00       0    139.00      0.00  |__CPU 6/TCG
12:23:36 AM     0         -     14769    0.00    0.00    0.00    0.00    0.00    10      0.00      0.00 10388468 1768012   2.75      0.00      0.00      0.00       0    141.00      0.00  |__CPU 7/TCG
12:23:36 AM     0         -     14770    0.00    1.00    0.00    0.00    1.00    12      0.00      0.00 10388468 1768012   2.75      0.00    132.00      0.00       0   1862.00      0.00  |__worker

# Time        UID      TGID       TID    %usr %system  %guest   %wait    %CPU   CPU  minflt/s  majflt/s     VSZ     RSS   %MEM   kB_rd/s   kB_wr/s kB_ccwr/s iodelay   cswch/s nvcswch/s  Command
12:23:37 AM     0     14759         -  163.00   17.00    0.00    0.00  180.00     4     97.00      0.00 10388468 1774412   2.76      0.00    160.00      0.00       0   3810.00      1.00  qemu-system-ris
12:23:37 AM     0         -     14759    1.00    1.00    0.00    0.00    2.00     4      0.00      0.00 10388468 1774412   2.76      0.00      0.00      0.00       0   3810.00      1.00  |__qemu-system-ris
12:23:37 AM     0         -     14760    0.00    0.00    0.00    0.00    0.00    14      0.00      0.00 10388468 1774412   2.76      0.00      0.00      0.00       0      0.00      0.00  |__call_rcu
12:23:37 AM     0         -     14761    0.00    0.00    0.00    0.00    0.00     8      0.00      0.00 10388468 1774412   2.76      0.00     80.00      0.00       0    976.00      0.00  |__worker
12:23:37 AM     0         -     14762   91.00    9.00    0.00    0.00  100.00     6     33.00      0.00 10388468 1774412   2.76      0.00      0.00      0.00       0    402.00      3.00  |__CPU 0/TCG
12:23:37 AM     0         -     14763    7.00    1.00    0.00    0.00    8.00    14      2.00      0.00 10388468 1774412   2.76      0.00      0.00      0.00       0    144.00      0.00  |__CPU 1/TCG
12:23:37 AM     0         -     14764    1.00    0.00    0.00    0.00    1.00    11      5.00      0.00 10388468 1774412   2.76      0.00      4.00      0.00       0    138.00      0.00  |__CPU 2/TCG
12:23:37 AM     0         -     14765   32.00    1.00    0.00    0.00   33.00     1     41.00      0.00 10388468 1774412   2.76      0.00      0.00      0.00       0    150.00      0.00  |__CPU 3/TCG
12:23:37 AM     0         -     14766   29.00    6.00    0.00    0.00   35.00    15     16.00      0.00 10388468 1774412   2.76      0.00      0.00      0.00       0    468.00      0.00  |__CPU 4/TCG
12:23:37 AM     0         -     14767    0.00    0.00    0.00    0.00    0.00     0      0.00      0.00 10388468 1774412   2.76      0.00      0.00      0.00       0    151.00      0.00  |__CPU 5/TCG
12:23:37 AM     0         -     14768    0.00    0.00    0.00    0.00    0.00     2      0.00      0.00 10388468 1774412   2.76      0.00      0.00      0.00       0    181.00      0.00  |__CPU 6/TCG
12:23:37 AM     0         -     14769    1.00    0.00    0.00    0.00    1.00    10      0.00      0.00 10388468 1774412   2.76      0.00      0.00      0.00       0    191.00      0.00  |__CPU 7/TCG
12:23:37 AM     0         -     14770    0.00    0.00    0.00    0.00    0.00     2      0.00      0.00 10388468 1774412   2.76      0.00     76.00      0.00       0    956.00      0.00  |__worker

# Time        UID      TGID       TID    %usr %system  %guest   %wait    %CPU   CPU  minflt/s  majflt/s     VSZ     RSS   %MEM   kB_rd/s   kB_wr/s kB_ccwr/s iodelay   cswch/s nvcswch/s  Command
12:23:38 AM     0     14759         -  396.00  108.00    0.00    0.00  504.00    13    424.00      0.00 10388468 1808572   2.81      0.00     28.00      0.00       0    816.00      0.00  qemu-system-ris
12:23:38 AM     0         -     14759    0.00    1.00    0.00    0.00    1.00    13      0.00      0.00 10388468 1808572   2.81      0.00      0.00      0.00       0    816.00      0.00  |__qemu-system-ris
12:23:38 AM     0         -     14760    0.00    0.00    0.00    0.00    0.00    14      0.00      0.00 10388468 1808572   2.81      0.00      0.00      0.00       0      0.00      0.00  |__call_rcu
12:23:38 AM     0         -     14761    0.00    0.00    0.00    0.00    0.00     6      0.00      0.00 10388468 1808572   2.81      0.00     12.00      0.00       0    151.00      0.00  |__worker
12:23:38 AM     0         -     14762   80.00   16.00    0.00    0.00   96.00     7     21.00      0.00 10388468 1808572   2.81      0.00      0.00      0.00       0  15766.00      2.00  |__CPU 0/TCG
12:23:38 AM     0         -     14763   42.00   24.00    0.00    0.00   66.00    10     33.00      0.00 10388468 1808572   2.81      0.00      0.00      0.00       0  24469.00      3.00  |__CPU 1/TCG
12:23:38 AM     0         -     14764   57.00   33.00    0.00    0.00   90.00     0      5.00      0.00 10388468 1808572   2.81      0.00      0.00      0.00       0  28868.00      1.00  |__CPU 2/TCG
12:23:38 AM     0         -     14765   59.00    7.00    0.00    0.00   66.00     1     87.00      0.00 10388468 1808572   2.81      0.00      0.00      0.00       0   3284.00      1.00  |__CPU 3/TCG
12:23:38 AM     0         -     14766   70.00    0.00    0.00    0.00   70.00     8    121.00      0.00 10388468 1808572   2.81      0.00      0.00      0.00       0    302.00      1.00  |__CPU 4/TCG
12:23:38 AM     0         -     14767   53.00   13.00    0.00    0.00   66.00     2     20.00      0.00 10388468 1808572   2.81      0.00      0.00      0.00       0   5372.00      2.00  |__CPU 5/TCG
12:23:38 AM     0         -     14768   13.00   14.00    0.00    0.00   27.00     4     54.00      0.00 10388468 1808572   2.81      0.00      0.00      0.00       0  13504.00      1.00  |__CPU 6/TCG
12:23:38 AM     0         -     14769   22.00    1.00    0.00    0.00   23.00    12     84.00      0.00 10388468 1808572   2.81      0.00      0.00      0.00       0    451.00      0.00  |__CPU 7/TCG
12:23:38 AM     0         -     14770    0.00    0.00    0.00    0.00    0.00    14      0.00      0.00 10388468 1808572   2.81      0.00     16.00      0.00       0    147.00      0.00  |__worker

# Time        UID      TGID       TID    %usr %system  %guest   %wait    %CPU   CPU  minflt/s  majflt/s     VSZ     RSS   %MEM   kB_rd/s   kB_wr/s kB_ccwr/s iodelay   cswch/s nvcswch/s  Command
12:23:39 AM     0     14759         -  484.00  135.00    0.00    0.00  619.00    13   1078.00      0.00 10388468 1841336   2.86      0.00     24.00      0.00       0   1188.00      0.00  qemu-system-ris
12:23:39 AM     0         -     14759    1.00    1.00    0.00    0.00    2.00    13      0.00      0.00 10388468 1841336   2.86      0.00      0.00      0.00       0   1188.00      0.00  |__qemu-system-ris
12:23:39 AM     0         -     14760    0.00    0.00    0.00    0.00    0.00    14      0.00      0.00 10388468 1841336   2.86      0.00      0.00      0.00       0      0.00      0.00  |__call_rcu
12:23:39 AM     0         -     14761    0.00    1.00    0.00    0.00    1.00     8      0.00      0.00 10388468 1841336   2.86      0.00      4.00      0.00       0    297.00      0.00  |__worker
12:23:39 AM     0         -     14762   65.00   27.00    0.00    0.00   92.00     7      3.00      0.00 10388468 1841336   2.86      0.00      0.00      0.00       0  41378.00      1.00  |__CPU 0/TCG
12:23:39 AM     0         -     14763   72.00   12.00    0.00    0.00   84.00    10     81.00      0.00 10388468 1841336   2.86      0.00      0.00      0.00       0  21380.00      4.00  |__CPU 1/TCG
12:23:39 AM     0         -     14764   55.00   28.00    0.00    0.00   83.00     2      6.00      0.00 10388468 1841336   2.86      0.00      0.00      0.00       0  40635.00      4.00  |__CPU 2/TCG
12:23:39 AM     0         -     14765   74.00   15.00    0.00    0.00   89.00     1    186.00      0.00 10388468 1841336   2.86      0.00      0.00      0.00       0  19984.00      2.00  |__CPU 3/TCG
12:23:39 AM     0         -     14766   96.00    1.00    0.00    0.00   97.00     9    691.00      0.00 10388468 1841336   2.86      0.00      0.00      0.00       0   2297.00      3.00  |__CPU 4/TCG
12:23:39 AM     0         -     14767   41.00   28.00    0.00    0.00   69.00     4     62.00      0.00 10388468 1841336   2.86      0.00      0.00      0.00       0  36557.00      4.00  |__CPU 5/TCG
12:23:39 AM     0         -     14768   26.00   12.00    0.00    0.00   38.00    14     47.00      0.00 10388468 1841336   2.86      0.00      0.00      0.00       0  20117.00      1.00  |__CPU 6/TCG
12:23:39 AM     0         -     14769   52.00   12.00    0.00    0.00   64.00    12      1.00      0.00 10388468 1841336   2.86      0.00      0.00      0.00       0  21784.00      1.00  |__CPU 7/TCG
12:23:39 AM     0         -     14770    0.00    0.00    0.00    0.00    0.00    15      0.00      0.00 10388468 1841336   2.86      0.00     20.00      0.00       0    294.00      0.00  |__worker

# Time        UID      TGID       TID    %usr %system  %guest   %wait    %CPU   CPU  minflt/s  majflt/s     VSZ     RSS   %MEM   kB_rd/s   kB_wr/s kB_ccwr/s iodelay   cswch/s nvcswch/s  Command
12:23:40 AM     0     14759         -  525.00  145.00    0.00    0.00  670.00    13    565.00      0.00 10388468 1863972   2.90      0.00     12.00      0.00       0    860.00      0.00  qemu-system-ris
12:23:40 AM     0         -     14759    0.00    0.00    0.00    0.00    0.00    13      0.00      0.00 10388468 1863972   2.90      0.00      0.00      0.00       0    860.00      0.00  |__qemu-system-ris
12:23:40 AM     0         -     14760    0.00    0.00    0.00    0.00    0.00    14      0.00      0.00 10388468 1863972   2.90      0.00      0.00      0.00       0      0.00      0.00  |__call_rcu
12:23:40 AM     0         -     14761    0.00    0.00    0.00    0.00    0.00     8      0.00      0.00 10388468 1863972   2.90      0.00      4.00      0.00       0    202.00      0.00  |__worker
12:23:40 AM     0         -     14762   66.00   25.00    0.00    0.00   91.00     7      4.00      0.00 10388468 1863972   2.90      0.00      0.00      0.00       0  38141.00      0.00  |__CPU 0/TCG
12:23:40 AM     0         -     14763   80.00    3.00    0.00    0.00   83.00    11     27.00      0.00 10388468 1863972   2.90      0.00      0.00      0.00       0   3342.00      1.00  |__CPU 1/TCG
12:23:40 AM     0         -     14764   72.00   22.00    0.00    0.00   94.00     5     15.00      0.00 10388468 1863972   2.90      0.00      0.00      0.00       0  30290.00      0.00  |__CPU 2/TCG
12:23:40 AM     0         -     14765   76.00   12.00    0.00    0.00   88.00     1     52.00      0.00 10388468 1863972   2.90      0.00      0.00      0.00       0  15621.00      1.00  |__CPU 3/TCG
12:23:40 AM     0         -     14766   75.00   16.00    0.00    0.00   91.00     9     57.00      0.00 10388468 1863972   2.90      0.00      0.00      0.00       0  21097.00      1.00  |__CPU 4/TCG
12:23:40 AM     0         -     14767   54.00   11.00    0.00    0.00   65.00    12      1.00      0.00 10388468 1863972   2.90      0.00      0.00      0.00       0  14772.00      2.00  |__CPU 5/TCG
12:23:40 AM     0         -     14768   64.00   25.00    0.00    0.00   89.00    14    385.00      0.00 10388468 1863972   2.90      0.00      0.00      0.00       0  37188.00      2.00  |__CPU 6/TCG
12:23:40 AM     0         -     14769   37.00   31.00    0.00    0.00   68.00     2     24.00      0.00 10388468 1863972   2.90      0.00      0.00      0.00       0  33839.00      1.00  |__CPU 7/TCG
12:23:40 AM     0         -     14770    0.00    1.00    0.00    0.00    1.00    15      0.00      0.00 10388468 1863972   2.90      0.00      8.00      0.00       0    203.00      0.00  |__worker

# Time        UID      TGID       TID    %usr %system  %guest   %wait    %CPU   CPU  minflt/s  majflt/s     VSZ     RSS   %MEM   kB_rd/s   kB_wr/s kB_ccwr/s iodelay   cswch/s nvcswch/s  Command
12:23:41 AM     0     14759         -  507.00   94.00    0.00    0.00  601.00    13    380.00      0.00 10388468 1875456   2.91      0.00     12.00      0.00       0   1396.00      0.00  qemu-system-ris
12:23:41 AM     0         -     14759    1.00    1.00    0.00    0.00    2.00    13      0.00      0.00 10388468 1875456   2.91      0.00      0.00      0.00       0   1396.00      0.00  |__qemu-system-ris
12:23:41 AM     0         -     14760    0.00    0.00    0.00    0.00    0.00    14      0.00      0.00 10388468 1875456   2.91      0.00      0.00      0.00       0      0.00      0.00  |__call_rcu
12:23:41 AM     0         -     14761    0.00    0.00    0.00    0.00    0.00     8      0.00      0.00 10388468 1875456   2.91      0.00      8.00      0.00       0    388.00      0.00  |__worker
12:23:41 AM     0         -     14762   99.00    1.00    0.00    0.00  100.00     7      0.00      0.00 10388468 1875456   2.91      0.00      0.00      0.00       0   1170.00      1.00  |__CPU 0/TCG
12:23:41 AM     0         -     14763   51.00   26.00    0.00    0.00   77.00    11      4.00      0.00 10388468 1875456   2.91      0.00      0.00      0.00       0  25591.00      1.00  |__CPU 1/TCG
12:23:41 AM     0         -     14764   77.00   11.00    0.00    0.00   88.00     5    198.00      0.00 10388468 1875456   2.91      0.00      0.00      0.00       0  20037.00      3.00  |__CPU 2/TCG
12:23:41 AM     0         -     14765   73.00   13.00    0.00    0.00   86.00     1      0.00      0.00 10388468 1875456   2.91      0.00      0.00      0.00       0   5044.00      2.00  |__CPU 3/TCG
12:23:41 AM     0         -     14766   54.00   10.00    0.00    0.00   64.00     9     49.00      0.00 10388468 1875456   2.91      0.00      0.00      0.00       0  17442.00      0.00  |__CPU 4/TCG
12:23:41 AM     0         -     14767   52.00   12.00    0.00    0.00   64.00    12     89.00      0.00 10388468 1875456   2.91      0.00      0.00      0.00       0  20603.00      1.00  |__CPU 5/TCG
12:23:41 AM     0         -     14768   47.00   19.00    0.00    0.00   66.00    14      7.00      0.00 10388468 1875456   2.91      0.00      0.00      0.00       0  23435.00      0.00  |__CPU 6/TCG
12:23:41 AM     0         -     14769   54.00    2.00    0.00    0.00   56.00     2     33.00      0.00 10388468 1875456   2.91      0.00      0.00      0.00       0   1461.00      0.00  |__CPU 7/TCG
12:23:41 AM     0         -     14770    0.00    0.00    0.00    0.00    0.00    15      0.00      0.00 10388468 1875456   2.91      0.00      4.00      0.00       0    384.00      0.00  |__worker
